Time,current_position_1,current_position_2,current_position_3,error_position_1,error_position_2,error_position_3,controller_1,controller_2,controller_3
0,0,0,0,0,0,0.8,0,-0,0
0.04,-8.7821571471285e-05,-2.76750531691749e-05,4.97493892908096e-05,8.7821571471285e-05,2.76750531691749e-05,0.799950250610709,0.000693790414623151,-0.000218632920036482,0
0.08,-7.58709761026796e-05,-2.01213162194802e-05,5.00120222568512e-05,7.58709761026796e-05,2.01213162194802e-05,0.799949987977743,-5.91054316805262e-05,4.85491505285797e-05,0
0.12,-3.8561510814554e-05,0.000158714550297389,7.20098614692688e-06,3.8561510814554e-05,-0.000158714550297389,0.799992799013853,-0.000264069000239972,0.0014046592262567,0
0.16,-7.38156386546282e-05,-2.45300190984968e-05,4.3179839849472e-05,7.38156386546282e-05,2.45300190984968e-05,0.799956820160151,0.000294336722379185,-0.00138392444174673,0
0.2,-6.92069585583754e-05,0.000130444687815179,2.69804149866104e-05,6.92069585583754e-05,-0.000130444687815179,0.799973019585013,-6.33017790445948e-06,0.00121466095330226,0
0.24,-7.50894151542324e-05,1.8691334853612e-05,-6.25289976596832e-06,7.50894151542324e-05,-1.8691334853612e-05,0.800006252899766,7.48447438418229e-05,-0.000830239947571059,0
0.28,-0.000117566299854202,0.000152865490681964,5.04069030284882e-05,0.000117566299854202,-0.000152865490681964,0.799949593096972,0.000366443887332965,0.00106792341335439,0
0.32,0.000102386957414932,-9.26769380563001e-05,9.62242484092712e-05,-0.000102386957414932,9.26769380563001e-05,0.799903775751591,-0.00168952834774326,-0.00187786221140918,0
0.36,0.00144193077579128,9.75636016543201e-05,0.000282729044556618,-0.00144193077579128,-9.75636016543201e-05,0.799717270955443,-0.0106224798573128,0.00146642091396559,0
0.4,0.00288220483143119,0.000178602259813808,0.000240132212638855,-0.00288220483143119,-0.000178602259813808,0.799759867787361,-0.011956950120597,0.000680017392799201,0
0.44,0.0040711586439309,0.000100120406513004,0.000314705073833466,-0.0040711586439309,-0.000100120406513004,0.799685294926167,-0.0105533942317082,-0.000547421979953681,0
0.48,0.00457591983399743,0.000107293602631512,0.000376487150788307,-0.00457591983399743,-0.000107293602631512,0.799623512849212,-0.00563199635677385,9.80604099515849e-05,0
0.52,0.00488688164316423,5.11841086742819e-05,0.00041656568646431,-0.00488688164316423,-5.11841086742819e-05,0.799583434313536,-0.00431203756336064,-0.000398788975994078,0
0.56,0.00517935993151711,3.256459711805e-05,0.000437488779425621,-0.00517935993151711,-3.256459711805e-05,0.799562511220574,-0.0043001762358837,-0.000124959544391736,0
0.6,0.00569500642180265,4.73364147210911e-05,0.000524770468473434,-0.00569500642180265,-4.73364147210911e-05,0.799475229531527,-0.00619055506635587,0.000131449280538264,0
0.64,0.0059483832490437,0.000167017585987072,0.000574350357055664,-0.0059483832490437,-0.000167017585987072,0.799425649642944,-0.00433627333726222,0.000966236574346144,0
0.68,0.00620996806728478,0.0001927606889365,0.000695396214723587,-0.00620996806728478,-0.0001927606889365,0.799304603785276,-0.00451436396355699,0.000272332338323749,0
0.72,0.00642355947835768,0.000373720510340395,0.000792823731899261,-0.00642355947835768,-0.000373720510340395,0.799207176268101,-0.00425226991035935,0.00150922717667168,0
0.76,0.00715839040420541,0.00115558200246536,0.00113280303776264,-0.00715839040420541,-0.00115558200246536,0.798867196962237,-0.00846834576046643,0.00632948174495037,0
0.8,0.00733614454539104,0.00131169226951002,0.00138203613460064,-0.00733614454539104,-0.00131169226951002,0.798617963865399,-0.00437568831278323,0.00170110282767087,0
0.84,0.00743771485460933,0.00144785447996809,0.00147201493382454,-0.00743771485460933,-0.00144785447996809,0.798527985066176,-0.00385960998580636,0.0016085806719937,0
0.88,0.00748347819686558,0.0017032249277925,0.0015829112380743,-0.00748347819686558,-0.0017032249277925,0.798417088761926,-0.0034742385002028,0.00260768634033094,0
0.92,0.00739143017765557,0.00187411788044394,0.00180183164775372,-0.00739143017765557,-0.00187411788044394,0.798198168352246,-0.00241880103791553,0.00204586875744986,0
0.96,0.00737270379953769,0.00192863971656232,0.00198482163250446,-0.00737270379953769,-0.00192863971656232,0.798015178367496,-0.00297600565521467,0.0011986423536601,0
1,0.00738781421413336,0.00236832412579628,0.00237616524100304,-0.00738781421413336,-0.00236832412579628,0.797623834758997,-0.0032505711740037,0.00426709269515373,0
1.04,0.00745334936992168,0.00254079489375743,0.00293386541306973,-0.00745334936992168,-0.00254079489375743,0.79706613458693,-0.00366974642369211,0.00233671534104366,0
1.08,0.00748327292514971,0.00265831194579202,0.00374528765678406,-0.00748327292514971,-0.00265831194579202,0.796254712343216,-0.00342953554032098,0.00197665088219581,0
1.12,0.00716034760795425,0.00284586926097579,0.00492219999432564,-0.00716034760795425,-0.00284586926097579,0.795077800005674,-0.000668965416116944,0.00258229240577972,0
1.16,0.00675553509420283,0.00269068153223305,0.00716376304626465,-0.00675553509420283,-0.00269068153223305,0.792836236953735,9.2792868337382e-05,-4.46787766441551e-05,-0.00599751204252241
1.2,0.0068967354139851,0.00230342661794095,0.00974796712398529,-0.0068967354139851,-0.00230342661794095,0.790252032876015,-0.00407229458126655,-0.00193470327091679,-0.00913035186529071
1.24,0.00773623278465643,0.00158777781739235,0.0137593913823366,-0.00773623278465643,-0.00158777781739235,0.786240608617663,-0.00965911488203098,-0.00467931008482416,-0.0238277617350229
1.28,0.00909803986011977,0.00064991817152335,0.020258566364646,-0.00909803986011977,-0.00064991817152335,0.779741433635354,-0.0141366329637258,-0.00671785972743988,-0.0503823752485207
1.32,0.0108138206823624,-0.000273027744399529,0.0267281476408243,-0.0108138206823624,0.000273027744399529,0.773271852359176,-0.0174959444731879,-0.00697388528287011,-0.0517617459580302
1.36,0.0127570568016826,-0.00139770402265961,0.035419600084424,-0.0127570568016826,0.00139770402265961,0.764580399915576,-0.0200007812903624,-0.00893727956719193,-0.076779640149326
1.4,0.0155666376527073,-0.00333029798184697,0.0490090232342482,-0.0155666376527073,0.00333029798184697,0.750990976765752,-0.0276477132321587,-0.0157724951658668,-0.131024897986651
1.44,0.0182737912914876,-0.00548524669937018,0.0625682901591063,-0.0182737912914876,0.00548524669937018,0.737431709840894,-0.0279935038711441,-0.0183087959363586,-0.136000987245887
1.48,0.0207898158222854,-0.00781233689754965,0.0783672165125608,-0.0207898158222854,0.00781233689754965,0.721632783487439,-0.0276029929561772,-0.0205416636139512,-0.164822181288898
1.52,0.0241560285234835,-0.0110648549268581,0.102179443463683,-0.0241560285234835,0.0110648549268581,0.697820556536317,-0.0353674689463034,-0.0287990042329373,-0.25541803517416
1.56,0.0269427619863318,-0.0140994766361283,0.124475119635463,-0.0269427619863318,0.0140994766361283,0.675524880364537,-0.032184380100866,-0.0284007602262116,-0.250004724353552
1.6,0.0298356463825139,-0.0176414823865578,0.150147823616862,-0.0298356463825139,0.0176414823865578,0.649852176383138,-0.0341915513833152,-0.033651141788351,-0.295260304679722
1.64,0.0331116214006948,-0.0223822315435149,0.186831442639232,-0.0331116214006948,0.0223822315435149,0.613168557360768,-0.038434792348343,-0.044573299964863,-0.422411560247838
1.68,0.0353802393644186,-0.0263007442748472,0.219550846144557,-0.0353802393644186,0.0263007442748472,0.580449153855443,-0.0318532848682059,-0.040018696328298,-0.397902769715339
1.72,0.0378021794092516,-0.0308127228089852,0.254538116976619,-0.0378021794092516,0.0308127228089852,0.545461883023381,-0.0340427369731872,-0.0463270827515455,-0.436914180091023
1.76,0.0403408722185984,-0.0362947304574543,0.297817109152675,-0.0403408722185984,0.0362947304574543,0.502182890847325,-0.0360094641895979,-0.0558567296140335,-0.540379965852946
1.8,0.0423382379985967,-0.0411193811759988,0.332078306004405,-0.0423382379985967,0.0411193811759988,0.467921693995595,-0.0328291395259206,-0.0529290023879325,-0.466328245253861
1.84,0.0440948807394464,-0.0456139469586826,0.363831607624888,-0.0440948807394464,0.0456139469586826,0.436168392375112,-0.0318110503046436,-0.0523334304444024,-0.456190100363642
1.88,0.0463567422372463,-0.0516152692934592,0.399466453120112,-0.0463567422372463,0.0516152692934592,0.400533546879888,-0.0365931253423686,-0.0661258614129265,-0.511950625073911
1.92,0.0479298268402827,-0.0560997533330077,0.424892185255885,-0.0479298268402827,0.0560997533330077,0.375107814744115,-0.0321492459573312,-0.0566465983531222,-0.421771290453522
1.96,0.0493357220881183,-0.0606061138605823,0.447700230404735,-0.0493357220881183,0.0606061138605823,0.352299769595265,-0.0315535435461396,-0.0587254157310143,-0.406248227529228
2,0.0506299622574532,-0.0649814151205198,0.467302737757564,-0.0506299622574532,0.0649814151205198,0.332697262242436,-0.0313324979692957,-0.0596138039554313,-0.383289503706247
2.04,0.0523182830804263,-0.0703326141037345,0.489179996773601,-0.0523182830804263,0.0703326141037345,0.310820003226399,-0.0350646911252854,-0.0692034793035373,-0.41631025532186
2.08,0.0532642635546044,-0.0743389895008377,0.505111245438457,-0.0532642635546044,0.0743389895008377,0.294888754561544,-0.0299801672651549,-0.0608605177947507,-0.364194136136025
2.12,0.0540891927657614,-0.0781840285207668,0.520871428772807,-0.0540891927657614,0.0781840285207668,0.279128571227193,-0.0295087830040695,-0.0613371885529174,-0.369773796989024
2.16,0.0548663526330016,-0.0826790523177249,0.539567021653056,-0.0548663526330016,0.0826790523177249,0.260432978346944,-0.0295695552571207,-0.06816645195646,-0.407917431745678
2.2,0.0555693636156629,-0.0862085633728305,0.554870812222362,-0.0555693636156629,0.0862085633728305,0.245129187777638,-0.0294043757211092,-0.0625022689192439,-0.381130437964201
2.24,0.0560625012129525,-0.0895749699650366,0.570428935810924,-0.0560625012129525,0.0895749699650366,0.229571064189076,-0.0281387190969692,-0.0627979652111257,-0.390962571575492
2.28,0.0562370255237646,-0.0930592695606112,0.589540390297771,-0.0562370255237646,0.0930592695606112,0.21045960970223,-0.0259310541751382,-0.0652550325145494,-0.435592465673387
2.32,0.0564616779314253,-0.0959946395844243,0.605161456391215,-0.0564616779314253,0.0959946395844243,0.194838543608785,-0.0265093499156146,-0.0624983272749848,-0.408078195566684
2.36,0.0565135080614721,-0.0996808037937924,0.627501456066966,-0.0565135080614721,0.0996808037937924,0.172498543933034,-0.0253468382413924,-0.0697957386295633,-0.486047854140401
2.4,0.0565218661044909,-0.101896261167217,0.641844240948558,-0.0565218661044909,0.101896261167217,0.158155759051442,-0.0251371678220117,-0.0598509819169466,-0.412902101551741
2.44,0.0562400460118557,-0.104443766638285,0.658350793644786,-0.0562400460118557,0.104443766638285,0.141649206355214,-0.022961147499763,-0.0635641373600293,-0.442476744528115
2.48,0.0559625058938716,-0.106203282005726,0.669605163857341,-0.0559625058938716,0.106203282005726,0.130394836142659,-0.0229947113544756,-0.0585669052630815,-0.395298806384951
2.52,0.0555468076287348,-0.10785794140943,0.679657367989421,-0.0555468076287348,0.10785794140943,0.120342632010579,-0.0219041709565629,-0.0586547558605489,-0.388042457973957
2.56,0.0549932023541865,-0.109888095979299,0.691073147580028,-0.0549932023541865,0.109888095979299,0.108926852419972,-0.0207595198914159,-0.0624987473175483,-0.407145417090505
2.6,0.0546389048810217,-0.111326569219543,0.700093416497111,-0.0546389048810217,0.111326569219543,0.0999065835028887,-0.0222225958172337,-0.058856302833424,-0.387482591108978
2.64,0.0538667124798228,-0.112541788316712,0.708790270611644,-0.0538667124798228,0.112541788316712,0.0912097293883563,-0.0188887847062608,-0.0578906375376595,-0.388397056973726
2.68,0.0531084483519931,-0.114282543195243,0.719647793099284,-0.0531084483519931,0.114282543195243,0.0803522069007159,-0.0187976745303575,-0.0627535414259268,-0.415250082489848
2.72,0.0526834803647293,-0.115397349364782,0.728393284603953,-0.0526834803647293,0.115397349364782,0.0716067153960467,-0.0212336252864001,-0.0587334136626934,-0.398341813998669
2.76,0.0519465565183625,-0.11647457319906,0.736769048497081,-0.0519465565183625,0.11647457319906,0.0632309515029192,-0.0187045537653112,-0.0591132303806744,-0.398689206399023
2.8,0.0511852783605933,-0.11772963132476,0.74525180272758,-0.0511852783605933,0.11772963132476,0.05474819727242,-0.0183212782797212,-0.0611819599630137,-0.403874024984985
2.84,0.0502269113382211,-0.118986737128279,0.755700377747416,-0.0502269113382211,0.118986737128279,0.0442996222525835,-0.0165621355429711,-0.0619356191307201,-0.428647023993731
2.88,0.0499411511196147,-0.120125764202269,0.763589886948466,-0.0499411511196147,0.120125764202269,0.0364101130515337,-0.021592836306449,-0.0617436129631028,-0.406912521161884
2.92,0.0488461146221733,-0.120817159006757,0.771241275593638,-0.0488461146221733,0.120817159006757,0.0287587244063616,-0.0151851319184489,-0.0589031803920345,-0.40828418969959
2.96,0.048417704952719,-0.12205924220932,0.780310479924083,-0.048417704952719,0.12205924220932,0.0196895200759173,-0.0201111614898151,-0.0637718109766422,-0.426939431268722
3,0.047529811810073,-0.122976003489748,0.787103144451976,-0.047529811810073,0.122976003489748,0.0128968555480242,-0.0164067135937238,-0.0619427195572115,-0.407530986467004
3.04,0.0468183073918056,-0.12396155984313,0.79355183057487,-0.0468183073918056,0.12396155984313,0.00644816942512993,-0.0175400868828765,-0.063098857152703,-0.407289751767367
3.08,0.0460295394194291,-0.124921770062058,0.800809232518077,-0.0460295394194291,0.124921770062058,-0.000809232518076852,-0.0167387396528915,-0.0635407683515574,-0.418992714603245
3.12,0.0457070223333298,-0.125849119463002,0.806076554581523,-0.0457070223333298,0.125849119463002,-0.0060765545815229,-0.0201986735443697,-0.0639150955171763,-0.401727195302397
3.16,0.0450214976885528,-0.126435895730831,0.81099477224052,-0.0450214976885528,0.126435895730831,-0.0109947722405195,-0.0172933210410431,-0.0618472057648703,-0.400707413196564
3.2,0.0441970600507419,-0.127442306291645,0.816281108185649,-0.0441970600507419,0.127442306291645,-0.0162811081856489,-0.016011741533541,-0.0656498989780483,-0.407053753574938
3.24,0.0434432207945865,-0.127907853271387,0.820731310173869,-0.0434432207945865,0.127907853271387,-0.0207313101738691,-0.0163280878135967,-0.0620345255244865,-0.400950077216327
3.28,0.0432239334988417,-0.128624193904022,0.824862210080028,-0.0432239334988417,0.128624193904022,-0.0248622100800275,-0.0203363990399678,-0.0644578298807855,-0.399863968969136
3.32,0.0424885284251956,-0.129366491953332,0.830125479027629,-0.0424885284251956,0.129366491953332,-0.0301254790276289,-0.016257801543247,-0.065206678113371,-0.413869018277526
3.36,0.0418948759147384,-0.129639491110101,0.833180097863078,-0.0418948759147384,0.129639491110101,-0.0331800978630781,-0.0171684618198314,-0.062054869065938,-0.393370077531785
3.4,0.0413503203117377,-0.130104838203111,0.83688029460609,-0.0413503203117377,0.130104838203111,-0.0368802946060895,-0.0174026561363847,-0.0639428964071618,-0.401742315174639
3.44,0.0409861460203164,-0.130301063974149,0.83961215429008,-0.0409861460203164,0.130301063974149,-0.03961215429008,-0.0186925468972845,-0.0622631864771987,-0.393498635015637
3.48,0.0402247745344891,-0.130727554732961,0.843036202713847,-0.0402247745344891,0.130727554732961,-0.0430362027138471,-0.0154909916369495,-0.0644213723169742,-0.402211770933866
3.52,0.0394589352579512,-0.130844693380565,0.846482066437602,-0.0394589352579512,0.130844693380565,-0.046482066437602,-0.0152315970450737,-0.062409542051416,-0.40423892820105
3.56,0.0389577301870385,-0.130921970469402,0.849025933071971,-0.0389577301870385,0.130921970469402,-0.0490259330719709,-0.0170947894294139,-0.0624031805829639,-0.396583854757249
3.6,0.0382905087269326,-0.130661478328688,0.852230636402965,-0.0382905087269326,0.130661478328688,-0.0522306364029645,-0.0156606933867964,-0.0600275584459856,-0.404892625255138
3.64,0.0375513415486054,-0.130723073171242,0.855822829529643,-0.0375513415486054,0.130723073171242,-0.055822829529643,-0.0149020146462591,-0.0627291717141756,-0.410668081048131
3.68,0.0369528985968034,-0.130316979932657,0.858232347294688,-0.0369528985968034,0.130316979932657,-0.0582323472946882,-0.0157931718475754,-0.0593205199565409,-0.40015773197338
3.72,0.0361818673221864,-0.129878536078878,0.860917119309306,-0.0361818673221864,0.129878536078878,-0.0609171193093061,-0.0142642527138088,-0.0591631467609382,-0.404369125171006
3.76,0.0355431831617926,-0.129589151659037,0.862842528149486,-0.0355431831617926,0.129589151659037,-0.0628425281494855,-0.0150737461409698,-0.060425095819698,-0.397860032085329
3.8,0.0349052227651523,-0.129123018325097,0.864919094368815,-0.0349052227651523,0.129123018325097,-0.0649190943688154,-0.014895076576789,-0.059172203933692,-0.400535574042797
3.84,0.0339167786607371,-0.12877893119386,0.867530135437846,-0.0339167786607371,0.12877893119386,-0.0675301354378461,-0.0119408815722413,-0.0602081616381293,-0.407315681263059
3.88,0.0330564049055282,-0.128459983051607,0.870002953335643,-0.0330564049055282,0.128459983051607,-0.0700029533356428,-0.0126250932465269,-0.0605266826609879,-0.407304918770492
3.92,0.0325229027450751,-0.128042432413437,0.87169542722404,-0.0325229027450751,0.128042432413437,-0.07169542722404,-0.0149293421528247,-0.0598770636524448,-0.400487721527368
3.96,0.0316533811846195,-0.127593595786653,0.873653320595622,-0.0316533811846195,0.127593595786653,-0.073653320595622,-0.0121264338341139,-0.0597189689519576,-0.404264253899455
4,0.0309464338875517,-0.127186826118171,0.875423220917583,-0.0309464338875517,0.127186826118171,-0.0754232209175825,-0.0131262686530645,-0.060126950463401,-0.403416580205411
4.04,0.0302670366981087,-0.126645417774867,0.877087919041514,-0.0302670366981087,0.126645417774867,-0.0770879190415144,-0.013123028452249,-0.0591549707171531,-0.403347753728926
4.08,0.0294905181119134,-0.126104186119492,0.878924338147044,-0.0294905181119134,0.126104186119492,-0.0789243381470441,-0.0121445446155241,-0.0591930940500138,-0.406137348935753
4.12,0.0292105321512377,-0.125834663862854,0.880147425457835,-0.0292105321512377,0.125834663862854,-0.0801474254578352,-0.0158155259588751,-0.06137531401013,-0.400773423320055
4.16,0.0284308073494656,-0.125182096307333,0.88136955909431,-0.0284308073494656,0.125182096307333,-0.0813695590943098,-0.0118140157942452,-0.0584931165740236,-0.401535248246044
4.2,0.0277440940700704,-0.124771270110418,0.882669238373637,-0.0277440940700704,0.124771270110418,-0.0826692383736372,-0.0122937785150131,-0.0603922104774163,-0.403123283432424
4.24,0.0272145629442977,-0.124224010214193,0.883917538449168,-0.0272145629442977,0.124224010214193,-0.0839175384491682,-0.013316320405013,-0.0593995963143261,-0.403398979908973
4.28,0.0267877617324416,-0.123895529765984,0.884871987625957,-0.0267877617324416,0.123895529765984,-0.0848719876259565,-0.0139705034005336,-0.0611574980155868,-0.401105530586839
4.32,0.0262524697125647,-0.123403947705086,0.885407177731395,-0.0262524697125647,0.123403947705086,-0.0854071777313947,-0.0129962810558914,-0.0599853941555981,-0.397350278901309
4.36,0.025530802873119,-0.122736111038056,0.886042324826121,-0.025530802873119,0.122736111038056,-0.0860423248261213,-0.0113623081127727,-0.0586431578382015,-0.398838236697018
4.4,0.0251464418551562,-0.122410966160754,0.886621145531535,-0.0251464418551562,0.122410966160754,-0.0866211455315351,-0.0137894189724553,-0.0613287605323155,-0.39873646780625
4.44,0.0247589710700823,-0.121934203164607,0.887100784108043,-0.0247589710700823,0.121934203164607,-0.0871007841080427,-0.0136614002888033,-0.0602457413748412,-0.398157708096504
4.48,0.0242582728226829,-0.121414357519734,0.887589422985911,-0.0242582728226829,0.121414357519734,-0.0875894229859113,-0.0126614329645421,-0.0599585516577759,-0.398666232117266
4.52,0.023898593309753,-0.120999861880144,0.887981681153178,-0.023898593309753,0.120999861880144,-0.0879816811531782,-0.0136237182135364,-0.0608257071566032,-0.398073732940853
4.56,0.0236059192767745,-0.120524905264087,0.888416139408946,-0.0236059192767745,0.120524905264087,-0.088416139408946,-0.0140569868866001,-0.0604242669104406,-0.398888926316053
4.6,0.0233984120375421,-0.120080216674092,0.88892182521522,-0.0233984120375421,0.120080216674092,-0.0889218252152204,-0.0146599467825567,-0.0607144514804343,-0.400030877003074
4.64,0.0231100650868585,-0.119654532942126,0.889356939122081,-0.0231100650868585,0.119654532942126,-0.0893569391220808,-0.0139851069904748,-0.0609268748562102,-0.399720558612794
4.68,0.0229904503074052,-0.119372985194174,0.889745442196727,-0.0229904503074052,0.119372985194174,-0.0897454421967268,-0.0152489724930938,-0.062134584703022,-0.399627415706217
4.72,0.0226274999238546,-0.118833490945803,0.890090731903911,-0.0226274999238546,0.118833490945803,-0.0900907319039106,-0.0133247562095589,-0.0602229342209168,-0.399547417769581
4.76,0.02222617255424,-0.118272743515797,0.890405980870128,-0.02222617255424,0.118272743515797,-0.0904059808701276,-0.0129216528660806,-0.0600769033685469,-0.399584816306829
4.8,0.0219761733787305,-0.117950058204436,0.890731601044536,-0.0219761733787305,0.117950058204436,-0.0907316010445356,-0.014001066996774,-0.0619698406208674,-0.400032150437683
4.84,0.0215542901413298,-0.117274362471009,0.890814272686839,-0.0215542901413298,0.117274362471009,-0.0908142726868391,-0.0125871355843867,-0.0592878842784164,-0.397825464139879
4.88,0.0211210868284481,-0.11683441146905,0.890802828595042,-0.0211210868284481,0.11683441146905,-0.0908028285950422,-0.0123720622734093,-0.0611145380885799,-0.397060213298351
4.92,0.0207522777664483,-0.116398507600385,0.89070644788444,-0.0207522777664483,0.116398507600385,-0.0907064478844404,-0.0127497377038805,-0.0612041988637625,-0.396344262412191
4.96,0.0201898568769635,-0.115975843287118,0.890516249462962,-0.0201898568769635,0.115975843287118,-0.0905162494629621,-0.0111141851974814,-0.0613672268191345,-0.395492398988455
5,0.0197647733895706,-0.115495147729108,0.890365032479167,-0.0197647733895706,0.115495147729108,-0.0903650324791669,-0.0120145620319684,-0.0609716659469388,-0.395987637372315
5.04,0.0193857063426396,-0.114930375786528,0.890215186402202,-0.0193857063426396,0.114930375786528,-0.0902151864022016,-0.0122475880634388,-0.0603461745810848,-0.396107153467089
5.08,0.0189067335434641,-0.114525581082821,0.890034524723887,-0.0189067335434641,0.114525581082821,-0.0900345247238874,-0.0113454772146205,-0.0616139467427274,-0.395889096987247
5.12,0.0186240904009842,-0.114200079667789,0.890068499371409,-0.0186240904009842,0.114200079667789,-0.0900684993714094,-0.0127427058499318,-0.0623074970039331,-0.398232516618818
5.16,0.0181692736727628,-0.11372853641278,0.890142468735576,-0.0181692736727628,0.11372853641278,-0.0901424687355756,-0.0113067254463847,-0.0612519660614435,-0.398849585466087
5.2,0.0175837397436588,-0.113287076256934,0.890337435528636,-0.0175837397436588,0.113287076256934,-0.0903374355286359,-0.0101284714154691,-0.0615284623156535,-0.400337328089029
5.24,0.0170853368408002,-0.112890053746008,0.89058324508369,-0.0170853368408002,0.112890053746008,-0.0905832450836896,-0.0106177604306527,-0.061929509800697,-0.401149335357547
5.28,0.0167092041197049,-0.112415209162835,0.890733389183879,-0.0167092041197049,0.112415209162835,-0.0907333891838789,-0.0114185043791219,-0.0613816865330719,-0.400448919349164
5.32,0.0163745279619213,-0.112030367592811,0.890785722061992,-0.0163745279619213,0.112030367592811,-0.0907857220619916,-0.0116289765490852,-0.0621276029220023,-0.399678440345824
5.36,0.0159937260917765,-0.111587822104886,0.89084848575294,-0.0159937260917765,0.111587822104886,-0.0908484857529401,-0.011163462014242,-0.0617418660777569,-0.399995701763779
5.4,0.0157501676685636,-0.111198388865549,0.890761820599437,-0.0157501676685636,0.111198388865549,-0.0907618205994367,-0.0121273519491292,-0.0622076102906411,-0.398639777714014
5.44,0.0155584810679182,-0.110937976254261,0.89043858461082,-0.0155584810679182,0.110937976254261,-0.0904385846108198,-0.0124712163134655,-0.0632934967342327,-0.396293975009769
5.48,0.0151551854581668,-0.110385950182437,0.890023915097117,-0.0151551854581668,0.110385950182437,-0.0900239150971174,-0.010753947463405,-0.0611074613039875,-0.395353182171285
5.52,0.0149367108972418,-0.110034391739132,0.889590410515666,-0.0149367108972418,0.110034391739132,-0.089590410515666,-0.0120830258761492,-0.0626911170409183,-0.395128127033263
5.56,0.014863398785757,-0.109778486416848,0.888958124443889,-0.014863398785757,0.109778486416848,-0.0889581244438886,-0.013172292824152,-0.0635262221031435,-0.393003349915147
5.6,0.0144225235137613,-0.109204013493142,0.888363210484385,-0.0144225235137613,0.109204013493142,-0.0883632104843854,-0.0102689458090934,-0.0611267328958292,-0.393257530307025
5.64,0.0142548778332953,-0.109023959108772,0.888003258034587,-0.0142548778332953,0.109023959108772,-0.0880032580345869,-0.0122799545204069,-0.0642312582140909,-0.39560389560014
5.68,0.0140190898673527,-0.108376647542839,0.887264279648662,-0.0140190898673527,0.108376647542839,-0.0872642796486616,-0.011703081948622,-0.060685952644213,-0.39162015356198
5.72,0.0140865998534475,-0.108200364751291,0.886979071423411,-0.0140865998534475,0.108200364751291,-0.0869790714234113,-0.0140328587630751,-0.064364908630565,-0.396189779615402
5.76,0.0140328419906696,-0.107908412030227,0.886542646214366,-0.0140328419906696,0.107908412030227,-0.0865426462143659,-0.0131300199511253,-0.0635970038002733,-0.394633355315775
5.8,0.0140339952753946,-0.10749097734587,0.886296777054667,-0.0140339952753946,0.10749097734587,-0.0862967770546674,-0.0135703805552694,-0.0627047320258864,-0.396589066521823
5.84,0.0139234510903899,-0.107014409963655,0.886311797425151,-0.0139234510903899,0.107014409963655,-0.0863117974251508,-0.0127164998488448,-0.0622855917937647,-0.399378065562993
5.88,0.013941511861372,-0.106573089005668,0.88620731048286,-0.013941511861372,0.106573089005668,-0.0862073104828596,-0.0137161082293192,-0.0625874404122069,-0.398303372558951
5.92,0.0138688955494036,-0.10625761064557,0.886337189003825,-0.0138688955494036,0.10625761064557,-0.0863371890038251,-0.0130348666061267,-0.0636182147303438,-0.400884381072968
5.96,0.0135851070507646,-0.10570853880456,0.88660523109138,-0.0135851070507646,0.10570853880456,-0.0866052310913801,-0.0113652975977399,-0.0618591501083899,-0.402572712160647
6,0.0133564878736719,-0.105303940649775,0.88685336522758,-0.0133564878736719,0.105303940649775,-0.08685336522758,-0.0117147900526008,-0.0629922805707779,-0.40267091017738
6.04,0.0132209425591471,-0.104997763361611,0.88700190000236,-0.0132209425591471,0.104997763361611,-0.0870019000023603,-0.0123853388717987,-0.0638185740364641,-0.401922890681028
6.08,0.0130695433875077,-0.10461194631075,0.887089757248759,-0.0130695433875077,0.10461194631075,-0.0870897572487592,-0.0122323171599014,-0.0632769445226148,-0.401534047820419
6.12,0.0127989486247414,-0.104230978614388,0.887058285996318,-0.0127989486247414,0.104230978614388,-0.0870582859963178,-0.0112562514081175,-0.0633701514954362,-0.400499206720293
6.16,0.012570131385653,-0.103851344273732,0.886925725266337,-0.012570131385653,0.103851344273732,-0.0869257252663374,-0.0115036538373168,-0.0634367598841961,-0.399596148151904
6.2,0.0123886543238985,-0.103528451193573,0.886566249653697,-0.0123886543238985,0.103528451193573,-0.086566249653697,-0.0118112546053903,-0.0639408647944124,-0.397321112969518
6.24,0.0121104177918816,-0.103095829862795,0.886078862473369,-0.0121104177918816,0.103095829862795,-0.0860788624733686,-0.0109990412742632,-0.0631519112848425,-0.395971436201781
6.28,0.0118263789535048,-0.102955426463426,0.88504078797996,-0.0118263789535048,0.102955426463426,-0.0850407879799604,-0.0108661292767964,-0.0654935760703858,-0.390117683549225
6.32,0.0116656991025083,-0.102858265792076,0.884494392201304,-0.0116656991025083,0.102858265792076,-0.0844943922013044,-0.0117507024996577,-0.0659849431149199,-0.394931354383379
6.36,0.0114423993648617,-0.102664287540347,0.884092656895518,-0.0114423993648617,0.102664287540347,-0.0840926568955183,-0.0112150648529282,-0.0653869364929692,-0.396346080243587
6.4,0.0111702172559197,-0.102584412934363,0.883796779438853,-0.0111702172559197,0.102584412934363,-0.0837967794388532,-0.0107624590233655,-0.06641609256874,-0.397424905320257
6.44,0.0109395974206831,-0.102543907806063,0.883834151551127,-0.0109395974206831,0.102543907806063,-0.0838341515511274,-0.011004268576574,-0.0669003304259197,-0.400943680624664
6.48,0.0107856421454107,-0.10237579577935,0.883820263668895,-0.0107856421454107,0.10237579577935,-0.0838202636688947,-0.011539549861037,-0.0660811216927491,-0.400591805041581
6.52,0.0105326313415237,-0.102319620072033,0.884080616757274,-0.0105326313415237,0.102319620072033,-0.0840806167572736,-0.010717000359164,-0.0671029253968516,-0.403632031819224
6.56,0.0102582553231179,-0.102218362662663,0.884215263649821,-0.0102582553231179,0.102218362662663,-0.0842152636498212,-0.0104680761055934,-0.0669289489078528,-0.4026104545407
6.6,0.0100426009162273,-0.102268451883287,0.884444801136851,-0.0100426009162273,0.102268451883287,-0.0844448011368513,-0.0108427429398479,-0.0682885210463789,-0.403842559756338
6.64,0.00976555195314591,-0.102073596334697,0.884463993832469,-0.00976555195314591,0.102073596334697,-0.0844639938324689,-0.0102915493850161,-0.0665780299616049,-0.401917597792298
6.68,0.00943900149720941,-0.10199740724718,0.884443549439311,-0.00943900149720941,0.10199740724718,-0.084443549439311,-0.00980919911013493,-0.0676416999773212,-0.401679932695627
6.72,0.00927493437816469,-0.101886924107954,0.884233800694346,-0.00927493437816469,0.101886924107954,-0.0842338006943464,-0.0109810752921997,-0.0675442961483022,-0.399850901903957
6.76,0.00910766353684872,-0.101735966343213,0.884001104161143,-0.00910766353684872,0.101735966343213,-0.0840011041611433,-0.0109086889073953,-0.0673841271992599,-0.399673543356359
6.8,0.00891099368463637,-0.101472248930225,0.883583812043071,-0.00891099368463637,0.101472248930225,-0.0835838120430707,-0.0106277437118612,-0.0666364148048955,-0.397786943656951
6.84,0.00870117168474281,-0.101356049469766,0.883232204243541,-0.00870117168474281,0.101356049469766,-0.0832322042435407,-0.010462995791664,-0.0678992641625454,-0.398435150566697
6.88,0.00858462722060901,-0.101153602870093,0.882871000096202,-0.00858462722060901,0.101153602870093,-0.0828710000962019,-0.0111333618675781,-0.0673741440775088,-0.398325049423426
6.92,0.00842879089173743,-0.100964281299628,0.882660238072276,-0.00842879089173743,0.100964281299628,-0.0826602380722761,-0.0107935076049374,-0.067599160374117,-0.399889831645787
6.96,0.00824916834445059,-0.100729082350832,0.882353870198131,-0.00824916834445059,0.100729082350832,-0.0823538701981306,-0.0105601195296917,-0.0673629290197227,-0.398945909682661
7,0.00816427780498884,-0.100525088036486,0.881738333031535,-0.00816427780498884,0.100525088036486,-0.0817383330315351,-0.011253151709284,-0.0677168242170619,-0.39571115591526
7.04,0.00796734398908432,-0.100237241091675,0.881228415295482,-0.00796734398908432,0.100237241091675,-0.0812284152954816,-0.0103503821652115,-0.06717384088672,-0.396675868018717
7.08,0.00779374790315238,-0.099833680624709,0.880394605919719,-0.00779374790315238,0.099833680624709,-0.0803946059197187,-0.0104719113936112,-0.0663450397659514,-0.393182503764331
7.12,0.00771137508373208,-0.0994610168789553,0.879597334191203,-0.00771137508373208,0.0994610168789553,-0.0795973341912031,-0.0111387242604867,-0.0666273670379944,-0.393310033584386
7.16,0.00765389233992109,-0.0989991178773357,0.878485409542918,-0.00765389233992109,0.0989991178773357,-0.0784854095429182,-0.0113178294801996,-0.0659722650521108,-0.389766736730933
7.2,0.00754084005370872,-0.0985086247577827,0.877357451245189,-0.00754084005370872,0.0985086247577827,-0.0773574512451887,-0.0108711447823841,-0.0657596101555436,-0.389199391906708
7.24,0.00742032411127952,-0.0980129081118908,0.876617459580302,-0.00742032411127952,0.0980129081118908,-0.0766174595803022,-0.0107820426638936,-0.0657191642991598,-0.392863777305186
7.28,0.00717270417302222,-0.0974615183056196,0.876126376911998,-0.00717270417302222,0.0974615183056196,-0.0761263769119978,-0.00974455536810249,-0.0652770854900309,-0.395260560856014
7.32,0.00690523957246087,-0.0969454699909204,0.875902382656932,-0.00690523957246087,0.0969454699909204,-0.0759023826569318,-0.00950307996894369,-0.0655306503875525,-0.397971700614691
7.36,0.00651600234920412,-0.0965587564507726,0.876063672825694,-0.00651600234920412,0.0965587564507726,-0.076063672825694,-0.00844790088857039,-0.0665398667206111,-0.402056994702667
7.4,0.00635422238348912,-0.0960647162063146,0.876213936135173,-0.00635422238348912,0.0960647162063146,-0.0762139361351728,-0.0101021503385459,-0.0657304178534024,-0.402173985110223
7.44,0.00615891402967259,-0.0955559234673718,0.876399485394359,-0.00615891402967259,0.0955559234673718,-0.0763994853943586,-0.0097852725310248,-0.0656083864816025,-0.402772047109157
7.48,0.00562025166456227,-0.094528845400484,0.876257745549083,-0.00562025166456227,0.094528845400484,-0.0762577455490827,-0.0070069703283366,-0.061501527142194,-0.399581085112691
7.52,0.0052343920038107,-0.0937428263407042,0.876033512875438,-0.0052343920038107,0.0937428263407042,-0.0760335128754377,-0.00800988725005567,-0.0631841197623936,-0.398796555983275
7.56,0.00493843561265711,-0.0929531782690147,0.875505952164531,-0.00493843561265711,0.0929531782690147,-0.0755059521645307,-0.00857624799958675,-0.063028528597076,-0.395651562280953
7.6,0.00479549227845005,-0.0921817695701985,0.875025181099772,-0.00479549227845005,0.0921817695701985,-0.0750251810997724,-0.00967654546422817,-0.063042666770637,-0.39603008511439
7.64,0.00441440979199464,-0.0914698010803284,0.874265460297465,-0.00441440979199464,0.0914698010803284,-0.0742654602974653,-0.00774765981234038,-0.063388044480926,-0.393010777699947
7.68,0.00411560982304848,-0.0907527085852332,0.873616902157664,-0.00411560982304848,0.0907527085852332,-0.0736169021576643,-0.00825408752566515,-0.0632457170458599,-0.393946656175703
7.72,0.00396468666047395,-0.0899883272542983,0.873224286362529,-0.00396468666047395,0.0899883272542983,-0.0732242863625288,-0.00931102552806875,-0.0627668036618587,-0.396457005529106
7.76,0.00390314685538839,-0.0891262758937281,0.872698752209544,-0.00390314685538839,0.0891262758937281,-0.0726987522095441,-0.00996471416052272,-0.0618694345498743,-0.395011503446847
7.8,0.00336656342993705,-0.087543281363205,0.872155992314219,-0.00336656342993705,0.087543281363205,-0.0721559923142194,-0.00619505993130966,-0.0560074155148059,-0.394713263580203
7.84,0.003087974146649,-0.0866149904979548,0.871929852291942,-0.003087974146649,0.0866149904979548,-0.0719298522919416,-0.0080253134110789,-0.0607214632209787,-0.397910704284161
7.88,0.00303695299636055,-0.0855843400162004,0.871967939659953,-0.00303695299636055,0.0855843400162004,-0.0719679396599531,-0.00971784189675389,-0.0597147358854916,-0.400715881575644
7.92,0.00306259533531911,-0.0849428141919771,0.871951488777995,-0.00306259533531911,0.0849428141919771,-0.0719514887779951,-0.0103091489076825,-0.0625477291673178,-0.40030620951429
7.96,0.00314010762812468,-0.0840580209802058,0.871741024777293,-0.00314010762812468,0.0840580209802058,-0.0717410247772932,-0.010735303669328,-0.0605391921043839,-0.398404749304056
8,0.00303363413338314,-0.0831378356919052,0.871401099488139,-0.00303363413338314,0.0831378356919052,-0.0714010994881391,-0.00931910108008432,-0.0600737934570533,-0.397083655824512
8.04,0.00293477720463985,-0.0823281582999508,0.870880333706737,-0.00293477720463985,0.0823281582999508,-0.0708803337067365,-0.00934274982184064,-0.0607450073942522,-0.395157670210302
8.08,0.00276333317481815,-0.0811212573089278,0.870142010971904,-0.00276333317481815,0.0811212573089278,-0.0701420109719038,-0.00873563850623323,-0.0574477263214288,-0.392754699975997
8.12,0.00271488139772852,-0.0798396595092201,0.869613913819194,-0.00271488139772852,0.0798396595092201,-0.0696139138191938,-0.00964422635723746,-0.056537103651028,-0.394733191242814
8.16,0.00288002476915301,-0.0791216779193045,0.869513658806682,-0.00288002476915301,0.0791216779193045,-0.0695136588066816,-0.0113176770824587,-0.0606367119075209,-0.399100712966174
8.2,0.00311898449304353,-0.0780346786063276,0.869221476837993,-0.00311898449304353,0.0780346786063276,-0.0692214768379926,-0.0119726436650483,-0.0575925226152094,-0.397174379737675
8.24,0.00333895013516563,-0.0767627360134639,0.868856398388743,-0.00333895013516563,0.0767627360134639,-0.0688563983887434,-0.0119244122776202,-0.0558527403361251,-0.396401318661123
8.28,0.00354219860543027,-0.0754063149451951,0.868252543732524,-0.00354219860543027,0.0754063149451951,-0.0682525437325239,-0.0118870107770654,-0.0548301088153063,-0.393849342060089
8.32,0.0038481158068468,-0.074490485417238,0.867590336129069,-0.0038481158068468,0.074490485417238,-0.0675903361290693,-0.012786477538482,-0.0579190261863516,-0.393071213873476
8.36,0.00401034132911824,-0.0733757077447773,0.867084948346019,-0.00401034132911824,0.0733757077447773,-0.0670849483460187,-0.0117813763854162,-0.0561299850044247,-0.394521898858249
8.4,0.00423018042213755,-0.0720181181202867,0.866906372830272,-0.00423018042213755,0.0720181181202867,-0.0669063728302717,-0.0123094344858911,-0.0539126109298939,-0.397834903670102
8.44,0.00458050801804836,-0.0707878457384072,0.866989580914378,-0.00458050801804836,0.0707878457384072,-0.0669895809143781,-0.013436689656786,-0.054519417532966,-0.400628156456351
8.48,0.00473631184723807,-0.0694607475824204,0.866668252274394,-0.00473631184723807,0.0694607475824204,-0.066668252274394,-0.0120492439540897,-0.0534039606562439,-0.396556104057282
8.52,0.00514187199463326,-0.0684393028840777,0.866421727463603,-0.00514187199463326,0.0684393028840777,-0.066421727463603,-0.0140941130232834,-0.0554267052044014,-0.397314216448367
8.56,0.00550851484876144,-0.0675892627235569,0.865766135975718,-0.00550851484876144,0.0675892627235569,-0.0657661359757185,-0.0139591742094213,-0.056509101779626,-0.393028597388416
8.6,0.00595976219329751,-0.0667473761411525,0.865131167694926,-0.00595976219329751,0.0667473761411525,-0.0651311676949262,-0.0147852238549924,-0.0563686775079845,-0.393048877590895
8.64,0.00632732366605781,-0.0659692496817358,0.86465117149055,-0.00632732366605781,0.0659692496817358,-0.06465117149055,-0.0143165239301649,-0.0566691225989075,-0.394488862588257
8.68,0.00659174360571836,-0.0648554695327489,0.864060966297984,-0.00659174360571836,0.0648554695327489,-0.0640609662979841,-0.0136613850551131,-0.0538381463668996,-0.393220972453058
8.72,0.00691243200267011,-0.0641184291167946,0.86359098367393,-0.00691243200267011,0.0641184291167946,-0.0635909836739301,-0.0142248573307892,-0.0564985891373283,-0.394316328758746
8.76,0.00710914229068182,-0.06334270878815,0.862978367134929,-0.00710914229068182,0.06334270878815,-0.0629783671349287,-0.013387530492949,-0.0560264385189271,-0.392710863307118
8.8,0.00729673620996301,-0.0625553988996212,0.862435666844249,-0.00729673620996301,0.0625553988996212,-0.0624356668442487,-0.0134084135797639,-0.0557512782819597,-0.393264632379264
8.84,0.00724821060261073,-0.0618657128642975,0.862177221104503,-0.00724821060261073,0.0618657128642975,-0.0621772211045026,-0.0116327003594919,-0.0563326935646683,-0.396102826352417
8.88,0.0073286594468784,-0.0612708911755507,0.861949292942882,-0.0073286594468784,0.0612708911755507,-0.0619492929428815,-0.0126466847055538,-0.0569299789142247,-0.396418392495066
8.92,0.00734473772918438,-0.0607069203432497,0.861918119713664,-0.00734473772918438,0.0607069203432497,-0.061918119713664,-0.0121849941226573,-0.0570583137869986,-0.398494253790378
8.96,0.00736761672981265,-0.0602753537110726,0.86181434802711,-0.00736761672981265,0.0602753537110726,-0.0618143480271101,-0.0122598405857841,-0.0580001324757433,-0.397840219613165
9,0.00749451723341908,-0.0597912888320457,0.861781088635325,-0.00749451723341908,0.0597912888320457,-0.0617810886353254,-0.0131054972930225,-0.0575333203801814,-0.398652341561019
9.04,0.00757164542262937,-0.0595260344366608,0.861795572564006,-0.00757164542262937,0.0595260344366608,-0.0617955725640058,-0.0127780452452024,-0.0591878798270073,-0.399260578907281
9.08,0.00767800982895868,-0.0589417492579985,0.861717430874705,-0.00767800982895868,0.0589417492579985,-0.0617174308747053,-0.0130550059269721,-0.056680486949834,-0.398418843027949
9.12,0.00780751327868005,-0.0585681411122765,0.86132606677711,-0.00780751327868005,0.0585681411122765,-0.0613260667771101,-0.0132957061519589,-0.0582290049371141,-0.395214371757954
9.16,0.00802584731215947,-0.0579352142832227,0.8604756873101,-0.00802584731215947,0.0579352142832227,-0.0604756873100996,-0.0140648841700935,-0.0561480803627293,-0.39032168046385
9.2,0.00834782738488204,-0.057522119328658,0.859734861180186,-0.00834782738488204,0.057522119328658,-0.0597348611801862,-0.0149870731881304,-0.0577474518681369,-0.391167752144486
9.24,0.00843051048015213,-0.0572288719031592,0.859263150021434,-0.00843051048015213,0.0572288719031592,-0.0592631500214338,-0.0132421147501147,-0.0586440536045898,-0.393742515999079
9.28,0.00885018155694645,-0.0564981363392441,0.858623353764415,-0.00885018155694645,0.0564981363392441,-0.0586233537644147,-0.0159542540632244,-0.0551850560847075,-0.391860293187946
9.32,0.00893329221272388,-0.0562732602101349,0.85850384645164,-0.00893329221272388,0.0562732602101349,-0.0585038464516401,-0.0134809955310226,-0.0590020476667862,-0.397120675681531
9.36,0.0091870545661487,-0.0561216330530572,0.858524052426219,-0.0091870545661487,0.0561216330530572,-0.0585240524262189,-0.0148802547891735,-0.0596033106146122,-0.398644919235259
9.4,0.0093676547784325,-0.0559638284840488,0.858615068718791,-0.0093676547784325,0.0559638284840488,-0.058615068718791,-0.0144221529246615,-0.0596061014636345,-0.399515578666329
9.44,0.00950735405134684,-0.0557762869782375,0.858594147488475,-0.00950735405134684,0.0557762869782375,-0.0585941474884748,-0.0141900108981132,-0.059419985492256,-0.398502972959727
9.48,0.00971812851298507,-0.0555583371828222,0.858508912846446,-0.00971812851298507,0.0555583371828222,-0.058508912846446,-0.0148263993063004,-0.0592162959760173,-0.397934409816563
9.52,0.00987314828288644,-0.0554757586417782,0.858453122898936,-0.00987314828288644,0.0554757586417782,-0.0584531228989362,-0.0144896832832604,-0.0603096656417493,-0.398317979613691
9.56,0.00999148465613468,-0.0554001186345355,0.858271030709147,-0.00999148465613468,0.0554001186345355,-0.0582710307091474,-0.014281638654227,-0.0604424001596454,-0.397080817341804
9.6,0.0104158988856598,-0.0552356185234987,0.857339171692729,-0.0104158988856598,0.0552356185234987,-0.057339171692729,-0.0167669712374256,-0.0598209495740443,-0.389233761628717
9.64,0.0105062578584551,-0.0550970630057021,0.856548039242625,-0.0105062578584551,0.0550970630057021,-0.0565480392426252,-0.0143185321988417,-0.0600705830532739,-0.390360139410198
9.68,0.0106614534265374,-0.0549039313721138,0.855802265927196,-0.0106614534265374,0.0549039313721138,-0.0558022659271955,-0.0148878974064444,-0.0596942036574125,-0.390553940177709
9.72,0.0106821392289961,-0.0547447783518385,0.855274109169841,-0.0106821392289961,0.0547447783518385,-0.0552741091698408,-0.0139086713921038,-0.0599951899118945,-0.392577631911635
9.76,0.0108019554560148,-0.0546416139303392,0.854818431660533,-0.0108019554560148,0.0546416139303392,-0.0548184316605329,-0.0147214403455691,-0.0604833281908181,-0.39318513385579
9.8,0.0109104495603791,-0.0544880281507,0.854626385495067,-0.0109104495603791,0.0544880281507,-0.0546263854950666,-0.0147015259783185,-0.0601530169207733,-0.395835061074793
9.84,0.0110284482314161,-0.0542988252937732,0.854564337059855,-0.0110284482314161,0.0542988252937732,-0.0545643370598554,-0.0148418305958998,-0.0599191837546477,-0.397213266930729
9.88,0.0110717812186214,-0.0540960714494318,0.854593900963664,-0.0110717812186214,0.0540960714494318,-0.054593900963664,-0.0143212280585069,-0.0598450474618886,-0.398253300946951
9.92,0.0109461171811572,-0.0535173775999566,0.854772893711925,-0.0109461171811572,0.0535173775999566,-0.0547728937119245,-0.0130256283209374,-0.0569022120264946,-0.399946273567528
9.96,0.0109400824393649,-0.0532224198419435,0.854677883908153,-0.0109400824393649,0.0532224198419435,-0.0546778839081525,-0.0139423263761217,-0.0590192843644548,-0.397268288932741
10,0.0108400125574639,-0.0529582369749723,0.854391543194652,-0.0108400125574639,0.0529582369749723,-0.0543915431946516,-0.0132189150374246,-0.0592508677401638,-0.395321165246516
10.04,0.0106729106564799,-0.0528209996720779,0.853945521637797,-0.0106729106564799,0.0528209996720779,-0.0539455216377973,-0.0126710141590243,-0.0602539810235332,-0.393610129120946
10.08,0.0106557080376938,-0.0525732746002521,0.853187827393413,-0.0106557080376938,0.0525732746002521,-0.0531878273934125,-0.0138097235493065,-0.0594318747271605,-0.390222446166724
10.12,0.0105600314966901,-0.0522352141113408,0.85253563337028,-0.0105600314966901,0.0522352141113408,-0.0525356333702802,-0.0132042099323482,-0.0587242814526557,-0.391057727022469
10.16,0.0104102264373318,-0.0521053754979563,0.852075664326549,-0.0104102264373318,0.0521053754979563,-0.0520756643265485,-0.0127594440839385,-0.0603384805019753,-0.39285506356135
10.2,0.0102474175995946,-0.0518713118428709,0.851429549977183,-0.0102474175995946,0.0518713118428709,-0.0514295499771833,-0.0126176126638771,-0.0595673779781801,-0.390774704658985
10.24,0.0102453597688409,-0.0517960418653613,0.850862232968211,-0.0102453597688409,0.0517960418653613,-0.0508622329682111,-0.0138429169191514,-0.0608319651926809,-0.391381878658384
10.28,0.0102804842296877,-0.0517577157306753,0.850194839760661,-0.0102804842296877,0.0517577157306753,-0.0501948397606611,-0.0141563246100306,-0.0611973056437148,-0.390149144534767
10.32,0.0104565970566875,-0.0518279932399323,0.849485604092479,-0.0104565970566875,0.0518279932399323,-0.0494856040924787,-0.0153047434554385,-0.0621434594084508,-0.389476491773874
10.36,0.0102045355074283,-0.0517112947060736,0.849207548424602,-0.0102045355074283,0.0517112947060736,-0.0492075484246015,-0.0120135242079045,-0.060798115658019,-0.393748235151172
10.4,0.0101632507346599,-0.0515336295774209,0.848875610157847,-0.0101632507346599,0.0515336295774209,-0.0488756101578474,-0.0135982451934942,-0.0603732227350156,-0.393141855125874
10.44,0.010067035133106,-0.0514236574452814,0.848748473450541,-0.010067035133106,0.0514236574452814,-0.0487484734505415,-0.0131681042384501,-0.060939998615164,-0.395224053587019
10.48,0.00995511439812842,-0.051448342823483,0.849158732220531,-0.00995511439812842,0.051448342823483,-0.0491587322205305,-0.0130256815140474,-0.062062651408893,-0.400900634691864
10.52,0.00986358246184262,-0.0513082599396066,0.849442629143596,-0.00986358246184262,0.0513082599396066,-0.0494426291435957,-0.013161894958518,-0.0608737529754042,-0.3998772821486
10.56,0.00978712959034553,-0.0512054168781047,0.849899677559733,-0.00978712959034553,0.0512054168781047,-0.0498996775597333,-0.0132641339607582,-0.0612145309384918,-0.401936206545681
10.6,0.00959345595802793,-0.0511036111475153,0.850248364731669,-0.00959345595802793,0.0511036111475153,-0.0502483647316694,-0.0123270830608579,-0.0612839994618557,-0.401126737044752
10.64,0.00952915299054778,-0.0510036811722507,0.850296704098582,-0.00952915299054778,0.0510036811722507,-0.0502967040985822,-0.0132908287720629,-0.0613603028589807,-0.398247925407439
10.68,0.00949892361575689,-0.0509106294842707,0.850497690960765,-0.00949892361575689,0.0509106294842707,-0.0504976909607648,-0.013553347273297,-0.0614766767007687,-0.399975487199426
10.72,0.00950223465198047,-0.0507636573596551,0.850434271618724,-0.00950223465198047,0.0507636573596551,-0.0504342716187238,-0.0138252226176266,-0.0611153058351233,-0.39740071086809
10.76,0.00935979840393166,-0.0505425112766429,0.850369838997722,-0.00935979840393166,0.0505425112766429,-0.0503698389977216,-0.012694147955668,-0.0605720700286634,-0.397459230311215
10.8,0.00937236455935438,-0.0503379808864274,0.850141314789653,-0.00937236455935438,0.0503379808864274,-0.0501413147896528,-0.0138804120406815,-0.060715960591105,-0.395804792014509
10.84,0.0091893074554053,-0.0499766025272789,0.849909571930766,-0.0091893074554053,0.0499766025272789,-0.0499095719307661,-0.0123587594829321,-0.059495725442222,-0.395757016706467
10.88,0.00915840926636161,-0.049661334474526,0.849618343636394,-0.00915840926636161,0.049661334474526,-0.0496183436363935,-0.0135059706840157,-0.0598153987241422,-0.395116367348283
10.92,0.00926532359621055,-0.0493400805269109,0.849376587197185,-0.00926532359621055,0.0493400805269109,-0.0493765871971845,-0.0146006471261828,-0.0597413256025778,-0.395589444367588
10.96,0.00932121338768405,-0.0489862085721142,0.849262980744243,-0.00932121338768405,0.0489862085721142,-0.0492629807442426,-0.0142588496521489,-0.0594538219278517,-0.396912894178182
11,0.00920429702383791,-0.0486102218124664,0.849033800885081,-0.00920429702383791,0.0486102218124664,-0.0490338008850812,-0.0129346793684884,-0.0592355386047539,-0.395741096147895
11.04,0.00910073977469093,-0.048223645821377,0.848668841645122,-0.00910073977469093,0.048223645821377,-0.0486688416451215,-0.013011858423121,-0.0590987094161302,-0.394298890321702
11.08,0.00901683313349009,-0.0478038011758037,0.848389415070415,-0.00901683313349009,0.0478038011758037,-0.0483894150704145,-0.0131438768057862,-0.0587777039409153,-0.395111841370165
11.12,0.00893688140719264,-0.047388872143332,0.848121313378215,-0.00893688140719264,0.047388872143332,-0.0481213133782148,-0.0131595916433095,-0.0587442070285398,-0.39518781817928
11.16,0.00886694400800177,-0.0468350438787667,0.847772864624858,-0.00886694400800177,0.0468350438787667,-0.0477728646248579,-0.013224597899747,-0.0575757092262983,-0.394306365817785
11.2,0.00857953909719129,-0.046645354726631,0.847544817253947,-0.00857953909719129,0.046645354726631,-0.0475448172539472,-0.0114963634862916,-0.0603245469964233,-0.395491901686042
11.24,0.00866937628915696,-0.0460404701755108,0.846970466896892,-0.00866937628915696,0.0460404701755108,-0.0469704668968915,-0.0143787732120934,-0.0570619183930452,-0.391836786280572
11.28,0.00869613931638083,-0.0454230032612231,0.846411792561412,-0.00869613931638083,0.0454230032612231,-0.0464117925614118,-0.0139337609399978,-0.0568126448439241,-0.391808150262386
11.32,0.00854543505451078,-0.0447699386832511,0.845967439934611,-0.00854543505451078,0.0447699386832511,-0.0459674399346113,-0.0125598668456782,-0.0563752825416261,-0.3928220146209
11.36,0.0084888581951247,-0.0441548298985687,0.845481185242534,-0.0084888581951247,0.0441548298985687,-0.0454811852425336,-0.0132602824906625,-0.0565034473547916,-0.392251801501959
11.4,0.00847836911064036,-0.043431155809551,0.845051674172282,-0.00847836911064036,0.043431155809551,-0.0450516741722822,-0.0136187228850221,-0.0554880475964672,-0.392695444555581
11.44,0.0083927759163304,-0.0427727239681603,0.844539849087596,-0.0083927759163304,0.0427727239681603,-0.0445398490875959,-0.0130381615218272,-0.055800854028732,-0.391706495217234
11.48,0.00783940318154388,-0.0415172885489548,0.844005016610026,-0.00783940318154388,0.0415172885489548,-0.0440050166100263,-0.00932525142617105,-0.0509066984753752,-0.391298084747791
11.52,0.00808056981426751,-0.0411858967537943,0.843487588688731,-0.00808056981426751,0.0411858967537943,-0.0434875886887311,-0.0153964421419498,-0.0577875035147471,-0.391301426383108
11.56,0.00782119333499949,-0.0406399878473846,0.843177465721965,-0.00782119333499949,0.0406399878473846,-0.0431774657219648,-0.0115547793499337,-0.0560426334113209,-0.39330638962239
11.6,0.00752854646573743,-0.0397971199027502,0.842998949810863,-0.00752854646573743,0.0397971199027502,-0.0429989498108625,-0.0112038350639435,-0.0535595734224773,-0.394619557154924
11.64,0.00717420625450623,-0.0389266270877559,0.842814413830638,-0.00717420625450623,0.0389266270877559,-0.0428144138306379,-0.010614456007614,-0.0530837840085851,-0.39455308637321
11.68,0.00689239009286812,-0.0383028819485283,0.842705039307475,-0.00689239009286812,0.0383028819485283,-0.042705039307475,-0.0110600083274159,-0.0547627467753203,-0.395335642509907
11.72,0.00649768212394224,-0.0374634509206514,0.84255918674171,-0.00649768212394224,0.0374634509206514,-0.0425591867417097,-0.0100692213653731,-0.0528859359631968,-0.394983345879614
11.76,0.00616931509351474,-0.0368275528047588,0.842340556904674,-0.00616931509351474,0.0368275528047588,-0.0423405569046735,-0.0104484269561878,-0.0542330004585633,-0.394231376621872
11.8,0.00584116972477657,-0.0362446498274736,0.84191825799644,-0.00584116972477657,0.0362446498274736,-0.0419182579964399,-0.0103311699015495,-0.0544709579128148,-0.39206821756959
11.84,0.00542487416583113,-0.0356516296628994,0.841349689289927,-0.00542487416583113,0.0356516296628994,-0.0413496892899274,-0.00951520759086639,-0.0542303602419714,-0.390405071749538
11.88,0.00509546704350631,-0.0349568324005417,0.840938298031688,-0.00509546704350631,0.0349568324005417,-0.0409382980316877,-0.0100459577649228,-0.0532604163629787,-0.391853849981725
11.92,0.00455675133245372,-0.0341919063978604,0.840629426762462,-0.00455675133245372,0.0341919063978604,-0.0406294267624616,-0.00827084799913047,-0.0524983940742806,-0.392806490833312
11.96,0.00400598287714419,-0.0336775815055299,0.840542582795024,-0.00400598287714419,0.0336775815055299,-0.0405425827950239,-0.00796925853774454,-0.0542405562577743,-0.395064600721002
12,0.00320346964685126,-0.0330669013249287,0.840870527550578,-0.00320346964685126,0.0330669013249287,-0.0408705275505781,-0.00576817939900611,-0.0533409746865148,-0.399457545494288
12.04,0.00261761520351303,-0.0324988060115487,0.841206578537822,-0.00261761520351303,0.0324988060115487,-0.0412065785378217,-0.00716518546312483,-0.0534992568679718,-0.399788374359906
12.08,0.0019131426131896,-0.0316584361031561,0.841691104695201,-0.0019131426131896,0.0316584361031561,-0.0416911046952009,-0.00599899555501345,-0.0511860470540431,-0.401597802297026
12.12,0.00160338672087875,-0.0312672275645973,0.84181740693748,-0.00160338672087875,0.0312672275645973,-0.0418174069374799,-0.00883929471840984,-0.0544615907845798,-0.398162096476555
12.16,0.000922789582681709,-0.0307289702222076,0.841770617291331,-0.000922789582681709,0.0307289702222076,-0.0417706172913312,-0.00578895329242631,-0.053205956274021,-0.396491417583078
12.2,1.63819338719531e-05,-0.0299980695421109,0.84149625711143,-1.63819338719531e-05,0.0299980695421109,-0.0414962571114301,-0.00373465698247245,-0.0515302289096248,-0.394162073390186
12.24,-0.000754629481009699,-0.0295312927291218,0.841302243992686,0.000754629481009699,0.0295312927291218,-0.0413022439926862,-0.00444175693484831,-0.0533844433268198,-0.394951529956609
12.28,-0.00134476033497624,-0.029305317238055,0.841291038319468,0.00134476033497624,0.029305317238055,-0.0412910383194685,-0.00556079954116298,-0.0551591256302691,-0.396856606063247
12.32,-0.00197554285929147,-0.0291576679244885,0.841393141075969,0.00197554285929147,0.0291576679244885,-0.0413931410759687,-0.00500090948315185,-0.0557461228705702,-0.398123323815316
12.36,-0.00269271964421196,-0.028884772647083,0.841586260125041,0.00269271964421196,0.028884772647083,-0.041586260125041,-0.0040621307289255,-0.0547559353666654,-0.399212832547724
12.4,-0.00328342500288259,-0.028791477565182,0.841893104836345,0.00328342500288259,0.028791477565182,-0.0418931048363447,-0.00476899884304289,-0.0561233883454823,-0.400586684045941
12.44,-0.00383011680486142,-0.0287781549615781,0.842402605339885,0.00383011680486142,0.0287781549615781,-0.0424026053398847,-0.00487385694743404,-0.0567754358463995,-0.402951778429747
12.48,-0.00451729683139337,-0.0287355417279716,0.842457680031657,0.00451729683139337,0.0287355417279716,-0.0424576800316572,-0.00353766301906314,-0.05659626713786,-0.398519862868637
12.52,-0.0049924159748067,-0.0287863845000642,0.842688588425517,0.0049924159748067,0.0287863845000642,-0.042688588425517,-0.00492903739142462,-0.0573749953728967,-0.400478569446504
12.56,-0.0057625148283845,-0.028766530394862,0.842817274853587,0.0057625148283845,0.028766530394862,-0.0428172748535871,-0.00239866519181044,-0.0568943999201054,-0.399606070179492
12.6,-0.00627644261523328,-0.0287937006289661,0.842788962647319,0.00627644261523328,0.0287937006289661,-0.0427889626473188,-0.00410285204788181,-0.0573154836193329,-0.398107562282681
12.64,-0.006783289689517,-0.028885840686856,0.84282192401588,0.006783289689517,0.028885840686856,-0.0428219240158796,-0.00394066567717572,-0.0578972007221411,-0.398822356640547
12.68,-0.00750944106655247,-0.0289829876399906,0.84259763173759,0.00750944106655247,0.0289829876399906,-0.0425976317375898,-0.00199185627634445,-0.0580313828991042,-0.396223317880928
12.72,-0.00800150216140316,-0.0291269222644075,0.842383233830333,0.00800150216140316,0.0291269222644075,-0.0423832338303327,-0.0035356900726569,-0.0584978302587676,-0.396300257901102
12.76,-0.00850194303779721,-0.029264580936012,0.841999201104045,0.00850194303779721,0.029264580936012,-0.0419992011040449,-0.0032566623562013,-0.058564077925845,-0.394496659815311
12.8,-0.00903385589664479,-0.0295134483793167,0.841347901150584,0.00903385589664479,0.0295134483793167,-0.0413479011505842,-0.00279085345818518,-0.0595562198527907,-0.391582335969061
12.84,-0.00948891192318173,-0.0298555712277769,0.841008571907878,0.00948891192318173,0.0298555712277769,-0.0410085719078779,-0.00316718957810687,-0.0604515114275998,-0.394615074257553
12.88,-0.00982803610368412,-0.0298143896695797,0.840734450146556,0.00982803610368412,0.0298143896695797,-0.0407344501465559,-0.0038820509273187,-0.0576199668968459,-0.39521210533455
12.92,-0.0101583884755161,-0.0297955083759737,0.840389577671885,0.0101583884755161,0.0297955083759737,-0.0403895776718854,-0.00379604247140634,-0.0578392951431766,-0.394413630864024
12.96,-0.0105611631967022,-0.0301404209674267,0.840092269703746,0.0105611631967022,0.0301404209674267,-0.0400922697037458,-0.00307144818582572,-0.0607653053344528,-0.394821401100606
13,-0.010894924656782,-0.0304456072318018,0.840121952816844,0.010894924656782,0.0304456072318018,-0.0401219528168439,-0.00343442073369671,-0.0606497132290529,-0.39818633800894
13.04,-0.0110608944711727,-0.03056518264869,0.83982172422111,0.0110608944711727,0.03056518264869,-0.0398217242211103,-0.00460468030129617,-0.0593663532541201,-0.394817350528389
13.08,-0.0113641220702608,-0.0305433355474895,0.839528171345592,0.0113641220702608,0.0305433355474895,-0.0395281713455915,-0.00343183408748703,-0.0583580758932718,-0.39481697474122
13.12,-0.0113929737401696,-0.030665806818654,0.839546410366893,0.0113929737401696,0.030665806818654,-0.0395464103668928,-0.00545538464422843,-0.0595505388655705,-0.398023069562763
13.16,-0.0114984790153294,-0.0307256594938052,0.839212922379375,0.0114984790153294,0.0307256594938052,-0.0392129223793745,-0.00481549454730112,-0.0591661720791678,-0.394418148301542
13.2,-0.0116433857840321,-0.0308291007476727,0.838954297825694,0.0116433857840321,0.0308291007476727,-0.038954297825694,-0.00443902368021789,-0.0595959142400759,-0.395115896207839
13.24,-0.0116009919890058,-0.0309272538654,0.838480142876506,0.0116009919890058,0.0309272538654,-0.0384801428765058,-0.00583744865462854,-0.0596571726676099,-0.392801423373818
13.28,-0.0115215256204105,-0.0311358753384556,0.837727991864085,0.0115215256204105,0.0311358753384556,-0.0377279918640852,-0.00612407751985502,-0.0606309884295249,-0.389722347521037
13.32,-0.0113071242405371,-0.0312219062939663,0.837759343907237,0.0113071242405371,0.0312219062939663,-0.037759343907237,-0.00719880760515019,-0.0598082436808198,-0.397648510082066
13.36,-0.0112575279920012,-0.0312428317918545,0.838174788281322,0.0112575279920012,0.0312428317918545,-0.0381747882813215,-0.00595999337105185,-0.0593907667603941,-0.401772674266249
13.4,-0.0111528493407775,-0.0313089789889168,0.838655857369304,0.0111528493407775,0.0313089789889168,-0.0386558573693037,-0.00639246779571586,-0.0598188740466081,-0.40274580552578
13.44,-0.0111513406330228,-0.0313719531876712,0.839188424870372,0.0111513406330228,0.0313719531876712,-0.0391884248703718,-0.00559699100411855,-0.0598828841967792,-0.403604385121912
13.48,-0.0110911033666775,-0.0314189394990329,0.839749483391643,0.0110911033666775,0.0314189394990329,-0.0397494833916425,-0.00603924741882028,-0.0598445134722535,-0.404248201434314
13.52,-0.011324619322611,-0.0313255933445756,0.840535013005137,0.011324619322611,0.0313255933445756,-0.0405350130051374,-0.00372050966262207,-0.0588175193958262,-0.406965176130086
13.56,-0.0114238849361341,-0.0315311664092205,0.841267196461558,0.0114238849361341,0.0315311664092205,-0.0412671964615583,-0.00466503174664645,-0.06120429395164,-0.406878876313567
13.6,-0.0115413423209946,-0.031692325072992,0.841658918187022,0.0115413423209946,0.031692325072992,-0.0416589181870222,-0.00445876273779894,-0.0609987117434168,-0.403752654259652
13.64,-0.0116390987806308,-0.0317455675214147,0.841751722618937,0.0116390987806308,0.0317455675214147,-0.0417517226189374,-0.00454433440848457,-0.060274021757815,-0.400893201376498
13.68,-0.0116735763341336,-0.0317482768904763,0.841575710102916,0.0116735763341336,0.0317482768904763,-0.0415757101029157,-0.00498185698552295,-0.0599595985452748,-0.398200529084355
13.72,-0.0118444305475463,-0.0319381875245899,0.841345874592662,0.0118444305475463,0.0319381875245899,-0.0413458745926618,-0.00386734319816518,-0.0615030688405915,-0.397630532807112
13.76,-0.0120887368695652,-0.0319059100245885,0.841086415573955,0.0120887368695652,0.0319059100245885,-0.0410864155739545,-0.00319504099371645,-0.0598876232097768,-0.39728725996241
13.8,-0.0123169516422295,-0.0319147035177309,0.840618221089244,0.0123169516422295,0.0319147035177309,-0.0406182210892438,-0.00320026423107097,-0.0602629848756624,-0.395047980891168
13.84,-0.0128106600168506,-0.031978689842887,0.840169994160533,0.0128106600168506,0.031978689842887,-0.0401699941605329,-0.000986944963261835,-0.060766355052862,-0.395104779428989
13.88,-0.0134449636622979,-0.0320716493991848,0.839631585404277,0.0134449636622979,0.0320716493991848,-0.0396315854042768,0.000346862346147315,-0.0610847954886305,-0.39401409676373
13.92,-0.013961654162892,-0.0320073520843676,0.839580146595836,0.013961654162892,0.0320073520843676,-0.0395801465958356,-0.000301670112689745,-0.0599437933281389,-0.398937340008467
13.96,-0.0144017515271883,-0.0318829977538972,0.839653460308909,0.0144017515271883,0.0318829977538972,-0.0396534603089094,-0.000672156380878509,-0.0595076386827211,-0.400300682373345
14,-0.0147918724602819,-0.0317781442382236,0.839687494561076,0.0147918724602819,0.0317781442382236,-0.0396874945610761,-0.000862127738607771,-0.0596757193829346,-0.400004211810976
14.04,-0.0151346476940718,-0.0316133887543366,0.839784173294902,0.0151346476940718,0.0316133887543366,-0.0397841732949018,-0.00105052664494811,-0.059224108716257,-0.400758370983601
14.08,-0.0154580997812252,-0.0314560639758183,0.839897302910686,0.0154580997812252,0.0314560639758183,-0.0398973029106855,-0.00103580011447256,-0.0592801358726223,-0.401059012957662
14.12,-0.0157130603013928,-0.0313879069931531,0.840057818219066,0.0157130603013928,0.0313879069931531,-0.0400578182190656,-0.00141658645923671,-0.059984543676407,-0.401692922143638
14.16,-0.0158482217825187,-0.0312296578968386,0.840042976662517,0.0158482217825187,0.0312296578968386,-0.0400429766625165,-0.00222958853899649,-0.0593083289994975,-0.40001204835251
14.2,-0.0159611387038323,-0.0310297653071242,0.840003279969096,0.0159611387038323,0.0310297653071242,-0.0400032799690961,-0.00231955952549799,-0.058978505078906,-0.399823734590411
14.24,-0.0160760715108024,-0.0308979809850967,0.839841930195689,0.0160760715108024,0.0308979809850967,-0.0398419301956892,-0.00222654498287846,-0.0594986628883613,-0.39860653546378
14.28,-0.0161328156202528,-0.0307275616801563,0.83950069360435,0.0161328156202528,0.0307275616801563,-0.03950069360435,-0.00260811042747496,-0.0592025287565083,-0.396716732849181
14.32,-0.0160830592471808,-0.0305572541416795,0.839009849354625,0.0160830592471808,0.0305572541416795,-0.0390098493546247,-0.00339450096438061,-0.0591966991129546,-0.395054235527664
14.36,-0.0158645494180376,-0.0304520583393316,0.838096229359508,0.0158645494180376,0.0304520583393316,-0.0380962293595075,-0.00471538969807818,-0.0597040733212662,-0.390447687774897
14.4,-0.0157531289138864,-0.0303911209101851,0.837285546585917,0.0157531289138864,0.0303911209101851,-0.0372855465859174,-0.00392505886346188,-0.0600725402652965,-0.391147911062092
14.44,-0.0155019972923608,-0.0301600909700975,0.836203841492534,0.0155019972923608,0.0301600909700975,-0.0362038414925336,-0.00504183863455273,-0.0587652166990235,-0.387971406410634
14.48,-0.0152124638384246,-0.0300637038016956,0.835413126274943,0.0152124638384246,0.0300637038016956,-0.0354131262749433,-0.00541466176462203,-0.0597968028012459,-0.390558355242759
14.52,-0.0146086524632604,-0.0299751155889012,0.834595529362559,0.0146086524632604,0.0299751155889012,-0.0345955293625593,-0.00798284579622078,-0.0598799870907875,-0.38995156609118
14.56,-0.0143590393467761,-0.0299498285447962,0.834778873249888,0.0143590393467761,0.0299498285447962,-0.0347788732498884,-0.00539698679778852,-0.060404581269494,-0.400121837090701
14.6,-0.0140946412298323,-0.0298117225409169,0.835185615345836,0.0140946412298323,0.0298117225409169,-0.0351856153458356,-0.00558491546931886,-0.0595630963267242,-0.402628747971356
14.64,-0.0138231782524212,-0.0297440283429933,0.835592893883586,0.0138231782524212,0.0297440283429933,-0.0355928938835859,-0.00571829783132837,-0.0601237306373051,-0.402908122888952
14.68,-0.0135747715856343,-0.0296739220022119,0.836210994049907,0.0135747715856343,0.0296739220022119,-0.0362109940499067,-0.00561709181185706,-0.060137085086244,-0.405396575045586
14.72,-0.0132484754745562,-0.0295433863891592,0.836870996281505,0.0132484754745562,0.0295433863891592,-0.0368709962815046,-0.00630463154530104,-0.0596909991429936,-0.406218018802255
14.76,-0.013009002966602,-0.029442168656535,0.837186662480235,0.013009002966602,0.029442168656535,-0.0371866624802351,-0.00572274657410398,-0.0599294829259353,-0.403006233565509
14.8,-0.012753705366291,-0.0292870311106014,0.837436525151134,0.012753705366291,0.0292870311106014,-0.0374365251511335,-0.00591753580097142,-0.0595219136450553,-0.402547502947599
14.84,-0.0122863702148759,-0.0290182077286452,0.83719870261848,0.0122863702148759,0.0290182077286452,-0.0371987026184797,-0.00766924408408565,-0.0586203145843237,-0.397626612696052
14.88,-0.0121461180790042,-0.0289492539135349,0.836767761036754,0.0121461180790042,0.0289492539135349,-0.0367677610367536,-0.00524764958142878,-0.0601497912250814,-0.395554348819703
14.92,-0.0120014885435594,-0.0288549254216498,0.836176363751292,0.0120014885435594,0.0288549254216498,-0.0361763637512922,-0.00531403965624709,-0.0599796482603436,-0.393727628661692
14.96,-0.0118752978228466,-0.0288081635782049,0.835897294804454,0.0118752978228466,0.0288081635782049,-0.0358972948044538,-0.00520222185695565,-0.0603754032371096,-0.396783730302006
15,-0.0117899473048706,-0.0287251575206374,0.83558258228004,0.0117899473048706,0.0287251575206374,-0.0355825822800397,-0.00490630994797391,-0.0601279855353206,-0.396341732853651
15.04,-0.0116608445221365,-0.0286827337581844,0.835429696366191,0.0116608445221365,0.0286827337581844,-0.0354296963661909,-0.00526251315214331,-0.0604728335587385,-0.397954721166938
15.08,-0.0114919270231179,-0.0285767824439035,0.835094360634685,0.0114919270231179,0.0285767824439035,-0.0350943606346845,-0.00560536883484025,-0.060011361861834,-0.396033414517343
15.12,-0.0113533381083409,-0.0284763832746976,0.834696738049388,0.0113533381083409,0.0284763832746976,-0.0346967380493879,-0.00541035616489346,-0.0600699968471016,-0.395281923408061
15.16,-0.0107534300841491,-0.0283436625252518,0.833804873749614,0.0107534300841491,0.0283436625252518,-0.0338048737496137,-0.0090875060189636,-0.0598314494620734,-0.389962967589498
15.2,-0.0106465200296171,-0.0281744824436628,0.83357766084373,0.0106465200296171,0.0281744824436628,-0.0335776608437299,-0.00541127840816009,-0.0595470197634142,-0.396563484822959
15.24,-0.0104213676462235,-0.0280838668111563,0.833399562165141,0.0104213676462235,0.0280838668111563,-0.0333995621651411,-0.00636686378792063,-0.0601563558434186,-0.397032733078301
15.28,-0.0102547495886097,-0.0279210443029638,0.83327123336494,0.0102547495886097,0.0279210443029638,-0.0332712333649396,-0.00597366083232461,-0.0596058430061178,-0.397533066586405
15.32,-0.0101368169084957,-0.0277258090630814,0.833043722435832,0.0101368169084957,0.0277258090630814,-0.033043722435832,-0.00563518407394449,-0.0593404955110966,-0.396494032299519
15.36,-0.0100256401513956,-0.0274401652909208,0.832841841503978,0.0100256401513956,0.0274401652909208,-0.0328418415039777,-0.00560871172036352,-0.0586036256282727,-0.396715479250997
15.4,-0.00997325545050358,-0.027235338297828,0.832688419148326,0.00997325545050358,0.027235338297828,-0.0326884191483259,-0.00516867389885696,-0.0591827010046251,-0.397189037518203
15.44,-0.0098067719572679,-0.0270326507120888,0.832545189186931,0.0098067719572679,0.0270326507120888,-0.0325451891869306,-0.00607106172782765,-0.0591721422020782,-0.397284723318368
15.48,-0.00953873543201733,-0.0267499341867369,0.832206754013896,0.00953873543201733,0.0267499341867369,-0.0322067540138959,-0.00692031053412503,-0.0585129038462658,-0.395228543993831
15.52,-0.0093236984539015,-0.026524533603781,0.832073180004954,0.0093236984539015,0.026524533603781,-0.0320731800049543,-0.00658975125099674,-0.0589061130494268,-0.397274782138318
15.56,-0.00902916945780604,-0.0262335954169737,0.831966964527965,0.00902916945780604,0.0262335954169737,-0.0319669645279645,-0.00728510558737437,-0.0583512548130259,-0.397559406079352
15.6,-0.00893391824916618,-0.0260650446538621,0.832050709053874,0.00893391824916618,0.0260650446538621,-0.032050709053874,-0.00581056432599763,-0.0592542073763324,-0.399564812300354
15.64,-0.00866810244019017,-0.025956612801721,0.831976739689708,0.00866810244019017,0.025956612801721,-0.0319767396897077,-0.00717825731561086,-0.0597138565570637,-0.398014790135622
15.68,-0.00844890055148888,-0.0256855520496132,0.83207836560905,0.00844890055148888,0.0256855520496132,-0.0320783656090498,-0.00689899746415062,-0.0584376287320731,-0.399885509409755
15.72,-0.0083094284622336,-0.0255616586339053,0.832098511978984,0.0083094284622336,0.0255616586339053,-0.0320985119789838,-0.00633991500290474,-0.0595431974928881,-0.399144943831861
15.76,-0.00813190159393345,-0.0255122574199594,0.832190064713359,0.00813190159393345,0.0255122574199594,-0.0321900647133588,-0.00667971773613677,-0.0601332518377929,-0.399968980867416
15.8,-0.00796754744434416,-0.0253449107024659,0.832186428830028,0.00796754744434416,0.0253449107024659,-0.0321864288300275,-0.00663040020245316,-0.0592327463890284,-0.399079656878114
15.84,-0.00787028462536473,-0.0252603255376934,0.832020310685039,0.00787028462536473,0.0252603255376934,-0.0320203106850385,-0.00615018525558235,-0.0598703137899323,-0.397436148046702
15.88,-0.00775463998832758,-0.0252409729137463,0.831828145310283,0.00775463998832758,0.0252409729137463,-0.0318281453102827,-0.00631856617657935,-0.0604023374476184,-0.397143633683026
15.92,-0.00775982379519573,-0.025191770651543,0.831735579296947,0.00775982379519573,0.025191770651543,-0.0317355792969465,-0.00539477004456568,-0.0602092662016438,-0.398157000581175
15.96,-0.00761085141458461,-0.0251843340245737,0.831716446205974,0.00761085141458461,0.0251843340245737,-0.0317164462059736,-0.00659501075531427,-0.0605699173564141,-0.398945234417915
16,-0.00761136331141833,-0.0250445110527679,0.831662205979228,0.00761136331141833,0.0250445110527679,-0.031662205979228,-0.00545845221291533,-0.0595714592494667,-0.398630475839227
16.04,-0.00747942897380463,-0.024998204644841,0.831854132935405,0.00747942897380463,0.024998204644841,-0.0318541329354047,-0.00648934997969363,-0.0603043999374932,-0.401251435558498
16.08,-0.00776847787055929,-0.025050163920367,0.832094518467784,0.00776847787055929,0.025050163920367,-0.0320945184677839,-0.00320139730528142,-0.0611121726828904,-0.401919922352582
16.12,-0.00777729358479098,-0.0251935424772267,0.832623628899455,0.00777729358479098,0.0251935424772267,-0.032623628899455,-0.00528408293276987,-0.0619052690434779,-0.405135915598273
16.16,-0.00789599936444597,-0.0251665035991252,0.832697240635753,0.00789599936444597,0.0251665035991252,-0.0326972406357526,-0.00439687054306357,-0.0606667098149827,-0.400682981770486
16.2,-0.00800986349321382,-0.0253132999255598,0.832825927063823,0.00800986349321382,0.0253132999255598,-0.0328259270638227,-0.00437184527448114,-0.0620795253867755,-0.401363466383517
16.24,-0.00800376632200399,-0.025421876228592,0.832703022286296,0.00800376632200399,0.025421876228592,-0.0327030222862958,-0.0052579741658112,-0.0618869323323212,-0.398851753792912
16.28,-0.00820672303775787,-0.0254948046398883,0.832432953640819,0.00820672303775787,0.0254948046398883,-0.0324329536408186,-0.00359287979463785,-0.0616995882612774,-0.397310486835241
16.32,-0.0082911851269652,-0.0255668561112288,0.832207469269633,0.0082911851269652,0.0255668561112288,-0.0322074692696332,-0.00443139121197848,-0.0617728214094257,-0.39770845329985
16.36,-0.00838002461574565,-0.0256642822593441,0.831963447853923,0.00838002461574565,0.0256642822593441,-0.0319634478539228,-0.00434644254941395,-0.0620532356567052,-0.397465487085283
16.4,-0.00846169611619697,-0.0257536863663156,0.831399885937572,0.00846169611619697,0.0257536863663156,-0.0313998859375715,-0.0043507738124705,-0.0620801605554334,-0.394052228016406
16.44,-0.00851262848142356,-0.0258328600064609,0.830854622647166,0.00851262848142356,0.0258328600064609,-0.0308546226471662,-0.00454402098833291,-0.0620866088830277,-0.394025382402539
16.48,-0.00857495181043891,-0.0259569624828613,0.830006150528789,0.00857495181043891,0.0259569624828613,-0.0300061505287885,-0.00441663417134817,-0.0625248818655144,-0.390630767308921
16.52,-0.00868433309691905,-0.0261569334860427,0.829136518761516,0.00868433309691905,0.0261569334860427,-0.0291365187615156,-0.00400279707214935,-0.0632257981426104,-0.390044367237389
16.56,-0.00878053596426576,-0.0262720848380702,0.828474132344127,0.00878053596426576,0.0262720848380702,-0.0284741323441267,-0.00404578540251756,-0.0626880251667386,-0.391843900565058
16.6,-0.00889191336589342,-0.0265548921127239,0.827884105965495,0.00889191336589342,0.0265548921127239,-0.0278841059654951,-0.00386986436283083,-0.0641111116659728,-0.392329436028004
16.64,-0.00893415861568171,-0.0267571581940254,0.827307609841228,0.00893415861568171,0.0267571581940254,-0.0273076098412275,-0.00435367357497896,-0.0636410689325773,-0.392232258721441
16.68,-0.00882278228477115,-0.0269910824753158,0.826846985146403,0.00882278228477115,0.0269910824753158,-0.0268469851464033,-0.00553251764535325,-0.0640255894613989,-0.393215275888145
16.72,-0.00874909239469864,-0.0271316408768825,0.826656190678477,0.00874909239469864,0.0271316408768825,-0.0266561906784772,-0.00526169973052731,-0.0634355508890478,-0.395871874893457
16.76,-0.00867475310397662,-0.0273074437874554,0.826373903080821,0.00867475310397662,0.0273074437874554,-0.026373903080821,-0.00527880776689811,-0.0638244691525778,-0.394869112178683
16.8,-0.00844061018966097,-0.0274365670984938,0.826239017769694,0.00844061018966097,0.0274365670984938,-0.0262390177696943,-0.00655364260336855,-0.0635806363680589,-0.396328440194577
16.84,-0.00810691846297968,-0.0276573406584672,0.826131908223033,0.00810691846297968,0.0276573406584672,-0.0261319082230329,-0.00741685416640405,-0.0644111957932583,-0.396605121101439
16.88,-0.00784082435254582,-0.0276613486076497,0.826006917282939,0.00784082435254582,0.0276613486076497,-0.0260069172829389,-0.00700009585179596,-0.0628423715733157,-0.396416075513512
16.92,-0.00740541207862325,-0.0278665049785324,0.825981048867106,0.00740541207862325,0.0278665049785324,-0.0259810488671064,-0.00842846533882525,-0.0644883699816363,-0.397446380382776
16.96,-0.00714617710829153,-0.0279015992055318,0.825832633301616,0.00714617710829153,0.0279015992055318,-0.0258326333016157,-0.00719601872586927,-0.0632826746032676,-0.396198663201183
17,-0.00661043820101324,-0.0280533012623306,0.825254885479808,0.00661043820101324,0.0280533012623306,-0.0252548854798078,-0.00946980146166325,-0.0642737173478945,-0.391668131993711
17.04,-0.00644291336922745,-0.0279449434603719,0.824857739731669,0.00644291336922745,0.0279449434603719,-0.0248577397316694,-0.00676198495178182,-0.0623360318889537,-0.393326089627296
17.08,-0.00605747957368114,-0.0278444329268506,0.824596671387553,0.00605747957368114,0.0278444329268506,-0.0245966713875532,-0.00853758987146578,-0.062410572075747,-0.394606044974923
17.12,-0.00573169161947836,-0.027680366253938,0.824333636090159,0.00573169161947836,0.027680366253938,-0.0243336360901594,-0.00820844628392309,-0.0619239632270006,-0.394504051136225
17.16,-0.00544733048485589,-0.0277244696701845,0.8242749851197,0.00544733048485589,0.0277244696701845,-0.0242749851197004,-0.00800002620768077,-0.0635582409947002,-0.396567236192524
17.2,-0.00508826964483631,-0.027289939190877,0.824310271069407,0.00508826964483631,0.027289939190877,-0.0243102710694074,-0.00869300367319718,-0.0598501235256628,-0.397572798339277
17.24,-0.00468219911745662,-0.0271403538352609,0.824325053021312,0.00468219911745662,0.0271403538352609,-0.0243250530213117,-0.00919782800006024,-0.0619819576894838,-0.397423769879341
17.28,-0.00424254721293884,-0.0269156127619044,0.824251322075725,0.00424254721293884,0.0269156127619044,-0.0242513220757246,-0.00961618469216812,-0.0613826740847582,-0.396550425537675
17.32,-0.00372825954677353,-0.0264923714996455,0.824468223378062,0.00372825954677353,0.0264923714996455,-0.0244682233780622,-0.0103731828765648,-0.0597784573886111,-0.399613701312244
17.36,-0.00346370771701048,-0.0260720011988154,0.824380008503795,0.00346370771701048,0.0260720011988154,-0.0243800085037946,-0.00859852831635956,-0.0596848262219934,-0.396567368555814
17.4,-0.00314998755612457,-0.0257764289514653,0.824154881760478,0.00314998755612457,0.0257764289514653,-0.024154881760478,-0.00908585144870136,-0.0605547267265516,-0.395134446510673
17.44,-0.00292559473502692,-0.0253011140181838,0.823542086407542,0.00292559473502692,0.0253011140181838,-0.0235420864075422,-0.00849935355361623,-0.0590680834666564,-0.390999672501534
17.48,-0.00269447903099013,-0.0249347219072002,0.823101786896586,0.00269447903099013,0.0249347219072002,-0.0231017868965864,-0.00863637026780438,-0.0597890500175341,-0.392551565338671
17.52,-0.00251064962550355,-0.0246293548127905,0.822824446484447,0.00251064962550355,0.0246293548127905,-0.0228244464844465,-0.00834986583281051,-0.0601744602478881,-0.394088689694554
17.56,-0.00229678231705196,-0.0244469125550841,0.822543112561107,0.00229678231705196,0.0244469125550841,-0.0225431125611066,-0.00865567572917772,-0.0610726783297064,-0.393953736513853
17.6,-0.00199344170358888,-0.0240785477514526,0.822118012234569,0.00199344170358888,0.0240785477514526,-0.0221180122345686,-0.009443468197515,-0.0595798071389251,-0.392348608543724
17.64,-0.00161550531562837,-0.0236975315663248,0.821718780323863,0.00161550531562837,0.0236975315663248,-0.021718780323863,-0.0101501241780228,-0.0593806723991555,-0.392451912771165
17.68,-0.00120780531852304,-0.0233041094395369,0.821338264271617,0.00120780531852304,0.0233041094395369,-0.0213382642716169,-0.0105332002348197,-0.0591776540491212,-0.392492250890285
17.72,-0.000938489584029574,-0.0229910320024215,0.821174649521708,0.000938489584029574,0.0229910320024215,-0.0211746495217084,-0.00960062894839118,-0.059701616465699,-0.39462213306725
17.76,-0.000600798055392907,-0.0225773717610969,0.821169106289744,0.000600798055392907,0.0225773717610969,-0.0211691062897443,-0.0102466470367518,-0.0588277634016039,-0.396242425929755
17.8,-0.000141762356832423,-0.0223966150787847,0.821045426651835,0.000141762356832423,0.0223966150787847,-0.0210454266518354,-0.0113391409944938,-0.0605473921647949,-0.395041560263932
17.84,0.000303800412133322,-0.0223659240804543,0.82122608833015,-0.000303800412133322,0.0223659240804543,-0.0212260883301496,-0.0114160356054059,-0.0617054016254836,-0.398217395118624
17.88,0.000570334462893172,-0.0221973865429244,0.821184424683452,-0.000570334462893172,0.0221973865429244,-0.0211844246834516,-0.0101805414399899,-0.0606488694146366,-0.396015762221813
17.92,0.000882987635844573,-0.0220816435887009,0.82102438621223,-0.000882987635844573,0.0220816435887009,-0.0210243862122297,-0.0106526367945329,-0.0610429263808306,-0.39479436359033
17.96,0.00107474388066205,-0.021859157338635,0.820688275620341,-0.00107474388066205,0.021859157338635,-0.0206882756203413,-0.00982437830672711,-0.060197520449164,-0.392907635860145
18,0.00135944449950709,-0.0217938884639088,0.820231823250651,-0.00135944449950709,0.0217938884639088,-0.0202318232506513,-0.0106374908472332,-0.0613942615289979,-0.391517368448526
18.04,0.00156865289981072,-0.0217980075109859,0.819868652150035,-0.00156865289981072,0.0217980075109859,-0.0198686521500349,-0.0101577014572931,-0.0619599063382818,-0.392309059235454
18.08,0.00192764943917502,-0.0218158545903114,0.819143621250987,-0.00192764943917502,0.0218158545903114,-0.019143621250987,-0.0114278484217934,-0.0621136014268972,-0.388367683105916
18.12,0.00206182372821372,-0.021868357290931,0.818817941471934,-0.00206182372821372,0.021868357290931,-0.0188179414719343,-0.00979920655884527,-0.0624381513760307,-0.392236641658843
18.16,0.00220881308479022,-0.0219966365676194,0.818571297451854,-0.00220881308479022,0.0219966365676194,-0.0185712974518537,-0.00995823895546574,-0.0631015241218051,-0.392941313121468
18.2,0.00229665549497043,-0.0221052420815416,0.818700758740306,-0.00229665549497043,0.0221052420815416,-0.0187007587403059,-0.00955419144773531,-0.0630414063797613,-0.396804239445925
18.24,0.00245269923699208,-0.0222161875581185,0.819052187725902,-0.00245269923699208,0.0222161875581185,-0.0190521877259016,-0.0101327122443447,-0.0631475447744666,-0.399237032427639
18.28,0.00246333348617898,-0.0223234609629876,0.819420604035258,-0.00246333348617898,0.0223234609629876,-0.0194206040352582,-0.00905130014623277,-0.0632073459737212,-0.399629218195379
18.32,0.00248110775945788,-0.0225398882029985,0.819783655926585,-0.00248110775945788,0.0225398882029985,-0.0197836559265852,-0.00911688670320672,-0.0641572175552151,-0.399795941168815
18.36,0.00241710286394457,-0.0225671260328426,0.819986132904887,-0.00241710286394457,0.0225671260328426,-0.0199861329048872,-0.00848290319457875,-0.062794271887308,-0.39833099783957
18.4,0.00248037108304427,-0.022577635558922,0.819952158257365,-0.00248037108304427,0.022577635558922,-0.0199521582573652,-0.00946759304754406,-0.0627181476715699,-0.395989466523379
18.44,0.00247499304336537,-0.0226166280597976,0.819737104699016,-0.00247499304336537,0.0226166280597976,-0.0197371046990156,-0.00895555563299915,-0.06299252225401,-0.394111054952443
18.48,0.0025197859353793,-0.022457743723405,0.819133250042796,-0.0025197859353793,0.022457743723405,-0.0191332500427961,-0.00935470476358763,-0.0614901254960607,-0.389960590855032
18.52,0.00261615097443554,-0.0224375254246198,0.818727223202586,-0.00261615097443554,0.0224375254246198,-0.0187272232025861,-0.00978508145389822,-0.0625669489460489,-0.391774122095108
18.56,0.00263688985515725,-0.022145403229124,0.818456022068858,-0.00263688985515725,0.022145403229124,-0.0184560220688581,-0.00923141312062678,-0.0604556958933704,-0.393024233039468
18.6,0.002527691849292,-0.0218091208444028,0.818500904366374,-0.002527691849292,0.0218091208444028,-0.018500904366374,-0.0082184810485888,-0.0600342723267501,-0.396244420544803
18.64,0.00239023146211987,-0.0213356347762046,0.818881062790751,-0.00239023146211987,0.0213356347762046,-0.0188810627907514,-0.00795658441761695,-0.0588594685150813,-0.39982426283434
18.68,0.00226501199468716,-0.0208983618412597,0.819390086457133,-0.00226501199468716,0.0208983618412597,-0.0193900864571332,-0.00800308399161369,-0.0589988291100558,-0.401405189213157
18.72,0.00212231979822148,-0.0206073042723446,0.819693533703685,-0.00212231979822148,0.0206073042723446,-0.0196935337036848,-0.00781949166926959,-0.0600208180513958,-0.399539928811043
18.76,0.00195338618194303,-0.0202095963385313,0.82008090429008,-0.00195338618194303,0.0202095963385313,-0.02008090429008,-0.00755935221375883,-0.0591030717496787,-0.400612234570086
18.8,0.0018291079538627,-0.0197575825311249,0.820291606709361,-0.0018291079538627,0.0197575825311249,-0.020291606709361,-0.00784846310637657,-0.0585553913674454,-0.398991065917164
18.84,0.00177916670165167,-0.0193243884336702,0.820292381569743,-0.00177916670165167,0.0193243884336702,-0.0202923815697431,-0.00838967214041955,-0.0585627767181633,-0.396932760971784
18.88,0.0018017696264484,-0.0189804261637862,0.819941369816661,-0.0018017696264484,0.0189804261637862,-0.0199413698166608,-0.00894635297129975,-0.0591330792938571,-0.393279973723739
18.92,0.00185002432806746,-0.0185367489461733,0.819032577797771,-0.00185002432806746,0.0185367489461733,-0.0190325777977705,-0.0091616467173678,-0.0582457071511728,-0.387287657795846
18.96,0.00161823598311023,-0.0179794096241833,0.81812915019691,-0.00161823598311023,0.0179794096241833,-0.0181291501969099,-0.00697230857871881,-0.0572073791374405,-0.386927653331309
19,0.00157915349198671,-0.0176051014928544,0.817352203652263,-0.00157915349198671,0.0176051014928544,-0.0173522036522626,-0.00840520595798849,-0.0584663486341157,-0.387840248921513
19.04,0.00122021092314965,-0.0170236756083548,0.816939203068614,-0.00122021092314965,0.0170236756083548,-0.016939203068614,-0.00586583665458609,-0.056715605334522,-0.391307912646979
19.08,0.000992698096556486,-0.016554826094005,0.816428331658244,-0.000992698096556486,0.016554826094005,-0.0164283316582441,-0.0067629950126243,-0.0574064356561213,-0.390107647080719
19.12,0.000872969859113279,-0.0162405109466117,0.816157249733806,-0.000872969859113279,0.0162405109466117,-0.0161572497338056,-0.00752547353246483,-0.0584728270015269,-0.392402857641131
19.16,0.000818577022677929,-0.0159585630230472,0.815932540223002,-0.000818577022677929,0.0159585630230472,-0.0159325402230024,-0.00799547784516784,-0.0586352830327091,-0.392786541521549
19.2,0.000827913184377192,-0.0156508597059409,0.815600840374827,-0.000827913184377192,0.0156508597059409,-0.0156008403748273,-0.0084788169499025,-0.0583509533803503,-0.391582653304189
19.24,0.000812400504270041,-0.0152819734746097,0.815351037308574,-0.000812400504270041,0.0152819734746097,-0.0153510373085737,-0.00828790139068029,-0.0577758287505424,-0.392307921271026
19.28,0.000791695912793012,-0.0149527278981509,0.815234510228038,-0.000791695912793012,0.0149527278981509,-0.0152345102280378,-0.00824230501982393,-0.0579719993784508,-0.393613119662553
19.32,0.000763337439926069,-0.0146835625813918,0.815289525315166,-0.000763337439926069,0.0146835625813918,-0.0152895253151655,-0.00817514091207839,-0.058344840655292,-0.395386517903209
19.36,0.000649417652880375,-0.0142972436521617,0.81544485501945,-0.000649417652880375,0.0142972436521617,-0.0154448550194501,-0.00748938981579933,-0.0573410281152294,-0.396497907977551
19.4,0.000472646609435004,-0.0139867681356867,0.815696803852916,-0.000472646609435004,0.0139867681356867,-0.0156968038529157,-0.00694859581072936,-0.0578142579916074,-0.397620963396132
19.44,0.000340725987519175,-0.0137845274348318,0.816126314923167,-0.000340725987519175,0.0137845274348318,-0.0161263149231672,-0.00723315101665347,-0.0585730963646873,-0.399642734906822
19.48,0.000129568138614202,-0.0136392442234205,0.816327063366771,-0.000129568138614202,0.0136392442234205,-0.0163270633667707,-0.00655509012664793,-0.0589697333058202,-0.397487735491991
19.52,6.02223403608094e-05,-0.013621008324085,0.816615311428905,-6.02223403608094e-05,0.013621008324085,-0.0166153114289045,-0.00759120132351066,-0.0599425722751003,-0.398539509835094
19.56,-0.000114750917611861,-0.0133818432392522,0.816922752186656,0.000114750917611861,0.0133818432392522,-0.016922752186656,-0.00672912651710773,-0.0582171793665859,-0.398918387793004
19.6,-0.000266779186550377,-0.0133554280244479,0.817118195816875,0.000266779186550377,0.0133554280244479,-0.0171181958168745,-0.00684017312545326,-0.0598290009923573,-0.397929983837157
19.64,-0.000390614537384158,-0.0132247093092332,0.817106632515788,0.000390614537384158,0.0132247093092332,-0.017106632515788,-0.00700155231253216,-0.0590211481092418,-0.395888369265199
19.68,-0.000488914687276048,-0.0131920737131852,0.817064313217998,0.000488914687276048,0.0131920737131852,-0.0170643132179975,-0.00715296503056482,-0.0597701666831906,-0.395593862914294
19.72,-0.000574066964803658,-0.0131639940306336,0.816991833969951,0.000574066964803658,0.0131639940306336,-0.0169918339699506,-0.00721653533291132,-0.0598194883088197,-0.395290152414143
19.76,-0.00065922743605942,-0.0132678182281529,0.817081300541759,0.00065922743605942,0.0132678182281529,-0.0170813005417585,-0.00718126155751826,-0.0608766250764211,-0.396988327566534
19.8,-0.000685404290054799,-0.0132178915348858,0.817230192944407,0.000685404290054799,0.0132178915348858,-0.0172301929444074,-0.00761184949050087,-0.0597300583546717,-0.397691194677353
19.84,-0.000682229510994219,-0.013210928510385,0.817365674301982,0.000682229510994219,0.013210928510385,-0.0173656743019819,-0.00783188584146469,-0.0600759364436893,-0.397659285291284
19.88,-0.00062737268840697,-0.0131829850849964,0.81748422794044,0.00062737268840697,0.0131829850849964,-0.0174842279404401,-0.00824007943792761,-0.0599338279238955,-0.397584016267955
19.92,-0.000586544240903795,-0.0131587193412533,0.817663995549083,0.000586544240903795,0.0131587193412533,-0.0176639955490827,-0.00814994325842151,-0.0599780702089094,-0.398321008230001
19.96,-0.000467592753733561,-0.0131014074957214,0.817832080647349,0.000467592753733561,0.0131014074957214,-0.0178320806473493,-0.00878227356231074,-0.0597336171459632,-0.398323553666472
20,-0.000466661933735632,-0.0130185263397143,0.817840127274394,0.000466661933735632,0.0130185263397143,-0.017840127274394,-0.00789655570101016,-0.0595348976699882,-0.39676285642907
20.04,-0.000337151182550362,-0.0129436239438747,0.817633299157023,0.000337151182550362,0.0129436239438747,-0.0176332991570234,-0.00891177616152186,-0.0595908144655883,-0.394546375180781
20.08,-0.000196745869217985,-0.0128507716097857,0.817176787182689,0.000196745869217985,0.0128507716097857,-0.0171767871826887,-0.00904897320059301,-0.0594449362429689,-0.391856547222286
20.12,-6.42583117412563e-05,-0.0127508090405784,0.816662220284343,6.42583117412563e-05,0.0127508090405784,-0.0166622202843427,-0.0090421915629279,-0.0593773259951192,-0.391053068107367
20.16,9.79348792325436e-05,-0.012586626192675,0.815962521359324,-9.79348792325436e-05,0.012586626192675,-0.0159625213593244,-0.00932973257392197,-0.0588555023838177,-0.388885222818702
20.2,0.000459067620092172,-0.012444858849364,0.815106002613902,-0.000459067620092172,0.012444858849364,-0.015106002613902,-0.010966428164168,-0.0589920849833218,-0.386920690284669
20.24,0.000689954626137838,-0.0122358670801546,0.814551560208201,-0.000689954626137838,0.0122358670801546,-0.0145515602082014,-0.0100828580907217,-0.0584291947990989,-0.389694444484264
20.28,0.00118287645319934,-0.0120689708568105,0.814150063320994,-0.00118287645319934,0.0120689708568105,-0.0141500633209943,-0.0122466678884174,-0.0587026246379111,-0.391052254346013
20.32,0.00164883176081529,-0.0119798035083479,0.81394955329597,-0.00164883176081529,0.0119798035083479,-0.0139495532959699,-0.0122331668685285,-0.0592740622018515,-0.392990168081969
20.36,0.0020192574691071,-0.0119898080846689,0.814061610028148,-0.0020192574691071,0.0119898080846689,-0.0140616100281477,-0.0116681628204359,-0.0600458130752734,-0.396199763126671
20.4,0.00243379888297904,-0.0118367377658861,0.814148334786296,-0.00243379888297904,0.0118367377658861,-0.0141483347862958,-0.0121688856927738,-0.0587855028506504,-0.396017928985506
20.44,0.00288825903074443,-0.0117493805374724,0.814350573346019,-0.00288825903074443,0.0117493805374724,-0.0143505733460187,-0.0126549278538468,-0.0592670816125856,-0.397302482950687
20.48,0.00312259243791244,-0.011684017173486,0.81470307521522,-0.00312259243791244,0.011684017173486,-0.0147030752152204,-0.0111034871802951,-0.0594293890112705,-0.399010068126768
20.52,0.00331367568238662,-0.011348327461678,0.815247444435954,-0.00331367568238662,0.011348327461678,-0.015247444435954,-0.0108617894427568,-0.0572910335522324,-0.401230332402885
20.56,0.0034929768256921,-0.0112492167636431,0.815169302746654,-0.0034929768256921,0.0112492167636431,-0.0151693027466535,-0.0108517714926787,-0.0590484285312399,-0.394996647346765
20.6,0.00371496208839477,-0.0112920260535385,0.814765719696879,-0.00371496208839477,0.0112920260535385,-0.0147657196968793,-0.01126768244689,-0.0601524505902028,-0.391570780822635
20.64,0.00386415345893679,-0.0113528452165368,0.814493147656322,-0.00386415345893679,0.0113528452165368,-0.0144931476563215,-0.0107888347280787,-0.0603344363557808,-0.392774136333913
20.68,0.00401311381663495,-0.0114140815206879,0.814045934006572,-0.00401311381663495,0.0114140815206879,-0.0140459340065717,-0.0108544145817469,-0.0603847651265208,-0.390833099712431
20.72,0.00409761553608668,-0.0113284250939226,0.813712684437633,-0.00409761553608668,0.0113284250939226,-0.0137126844376325,-0.0104128017103126,-0.0592716352369826,-0.39183420760408
20.76,0.00426331853657386,-0.0112861027225626,0.813301352784038,-0.00426331853657386,0.0112861027225626,-0.0133013527840375,-0.0110962877493455,-0.0596023685541659,-0.390875146299601
20.8,0.00434685897848493,-0.0113296420534594,0.813083318993449,-0.00434685897848493,0.0113296420534594,-0.0130833189934492,-0.0105220113738623,-0.0602863192588965,-0.39272571073994
20.84,0.00435537608539124,-0.011317461469463,0.812996415421367,-0.00435537608539124,0.011317461469463,-0.0129964154213666,-0.00997143692204609,-0.0598862069477051,-0.394019727776945
20.88,0.00438077805783426,-0.011368049185403,0.812927691265941,-0.00438077805783426,0.011368049185403,-0.0129276912659406,-0.0101169449547194,-0.0603998392065433,-0.394193152696639
20.92,0.0044947616994031,-0.0115172953709768,0.812817541882396,-0.0044947616994031,0.0115172953709768,-0.0128175418823957,-0.0108356624859063,-0.0612222123013976,-0.39374968110621
20.96,0.00450375525898924,-0.0115495298111802,0.812802879139781,-0.00450375525898924,0.0115495298111802,-0.012802879139781,-0.0100608238182692,-0.0603805525779418,-0.394722851227969
21,0.00454978443365826,-0.0116905769107764,0.812926677986979,-0.00454978443365826,0.0116905769107764,-0.0129266779869794,-0.0103660101117765,-0.0612761654228494,-0.39619497230798
21.04,0.00458666535694838,-0.0119170403408188,0.813298789784312,-0.00458666535694838,0.0119170403408188,-0.0132987897843122,-0.0103212501646181,-0.0620307544270344,-0.398890011063963
21.08,0.00461059798420183,-0.0120202317915656,0.813732413575053,-0.00461059798420183,0.0120202317915656,-0.0137324135750532,-0.0102428843259584,-0.061171325243298,-0.399748540472984
21.12,0.00472736464538352,-0.012017307751874,0.813910452648997,-0.00472736464538352,0.012017307751874,-0.0139104526489973,-0.0109950674408612,-0.0603983299127157,-0.397309177669138
