Time,current_position_1,current_position_2,current_position_3,controller_1,controller_2,controller_3,error_position_1,error_position_2,error_position_3
0,0,0,0,0,-0,0,0,0,0.8
0.04,-7.46961067375003e-05,-4.63346383168891e-05,9.84836369752884e-05,0.000590099243226252,-0.000366043642703424,0,7.46961067375003e-05,4.63346383168891e-05,0.799901516363025
0.08,0.000223543258642414,-4.37844415751789e-05,-0.000359391793608665,-0.00232606315159285,1.52002965612098e-06,0,-0.000223543258642414,4.37844415751789e-05,0.800359391793609
0.12,0.000223058430839522,1.53693198226932e-05,-0.000311002135276794,-8.58848581179261e-05,0.000449620700253334,0,-0.000223058430839522,-1.53693198226932e-05,0.800311002135277
0.16,9.67459371629814e-05,-7.2583369082814e-05,-0.00022510439157486,0.000907901516543369,-0.000688828013944568,0,-9.67459371629814e-05,7.2583369082814e-05,0.800225104391575
0.2,0.000215429839990033,0.000104785539166634,-0.000363247469067574,-0.000977238510238717,0.00137188636127921,0,-0.000215429839990033,-0.000104785539166634,0.800363247469068
0.24,0.000330695400632514,2.38282287722302e-06,-0.000303713604807854,-0.000998138027791402,-0.000767152338199664,0,-0.000330695400632514,-2.38282287722302e-06,0.800303713604808
0.28,0.000505145620429679,-0.000188382306354471,9.01538878679276e-05,-0.00151246445017167,-0.00150617172131371,0,-0.000505145620429679,0.000188382306354471,0.799909846112132
0.32,0.00206881570600963,-0.0012460283685476,0.000514326617121696,-0.0125580917690154,-0.00843121390801447,0,-0.00206881570600963,0.0012460283685476,0.799485673382878
0.36,0.00501185860197432,-0.00287793888555744,0.00105804391205311,-0.0240847426366988,-0.0133934535826807,0,-0.00501185860197432,0.00287793888555744,0.798941956087947
0.4,0.00581879885022737,-0.00316193545586,0.000943968072533607,-0.00839677259536675,-0.00340345348826833,0,-0.00581879885022737,0.00316193545586,0.799056031927466
0.44,0.0062774914516643,-0.00332158647226867,0.000933302566409111,-0.005980029882521,-0.00254104611153936,0,-0.0062774914516643,0.00332158647226867,0.799066697433591
0.48,0.00687130080463205,-0.00348838160984733,0.000777646899223328,-0.00724348424309261,-0.00266798824829028,0,-0.00687130080463205,0.00348838160984733,0.799222353100777
0.52,0.00729092626825773,-0.00347967160447644,0.000186311081051826,-0.00611869786008664,-0.00135519243724002,0,-0.00729092626825773,0.00347967160447644,0.799813688918948
0.56,0.0077563199008932,-0.00336419511716395,0.000822907313704491,-0.00666269843325075,-0.000515212570961919,0,-0.0077563199008932,0.00336419511716395,0.799177092686296
0.6,0.00841272381836031,-0.00307903084839928,0.00189972296357155,-0.00837334977627673,0.000864783107200941,0,-0.00841272381836031,0.00307903084839928,0.798100277036428
0.64,0.0105297785647685,-0.00287822236978299,0.003798583522439,-0.0201918783395351,0.000306280010837802,-0.000887897349894917,-0.0105297785647685,0.00287822236978299,0.796201416477561
0.68,0.0144129564384514,-0.00255517387765195,0.00651518441736698,-0.0350121325006975,0.00134654306431131,-0.00883119832500723,-0.0144129564384514,0.00255517387765195,0.793484815582633
0.72,0.0167050291593923,-0.00229171587120778,0.00832283310592175,-0.0240244988563861,0.000999887276482141,0,-0.0167050291593923,0.00229171587120778,0.791677166894078
0.76,0.0200942213905514,-0.00157751809644128,0.00955708883702755,-0.0336419821338047,0.00466153121706377,0,-0.0200942213905514,0.00157751809644128,0.790442911162972
0.8,0.0219857545922157,-0.00121322534518936,0.00964711420238018,-0.0232063411360413,0.00217980560501228,0,-0.0219857545922157,0.00121322534518936,0.79035288579762
0.84,0.023704677339282,-0.00129038416047146,0.00966188497841358,-0.0226433033345669,-0.00116437112079599,0,-0.023704677339282,0.00129038416047146,0.790338115021586
0.88,0.0250072611928012,-0.00154791651703496,0.00956886820495129,-0.0200892045290496,-0.00262276639135292,0,-0.0250072611928012,0.00154791651703496,0.790431131795049
0.92,0.0265853274607707,-0.00195219391665398,0.00951684452593327,-0.0228365636670003,-0.00388816100715093,0,-0.0265853274607707,0.00195219391665398,0.790483155474067
0.96,0.0281776270094406,-0.00213306508246853,0.00980822555720806,-0.0236334037466432,-0.0022888671077766,0,-0.0281776270094406,0.00213306508246853,0.790191774442792
1,0.0300658929631717,-0.00290463264716667,0.0105336513370275,-0.0266648134201127,-0.0070319832554477,0,-0.0300658929631717,0.00290463264716667,0.789466348662972
1.04,0.0312550868738057,-0.00319903126681385,0.010890057310462,-0.0219575824470651,-0.00357678488071869,0,-0.0312550868738057,0.00319903126681385,0.789109942689538
1.08,0.0326864314866249,-0.00331125171871983,0.0113952774554491,-0.0244087607323294,-0.00226173486595571,0,-0.0326864314866249,0.00331125171871983,0.788604722544551
1.12,0.034559751637243,-0.00347783622259764,0.0123887080699205,-0.0285382781890418,-0.00274272156073297,0,-0.034559751637243,0.00347783622259764,0.78761129193008
1.16,0.0374745959843941,-0.00353513481703501,0.0124996658414602,-0.0375847669051733,-0.00195295235014987,0,-0.0374745959843941,0.00353513481703501,0.78750033415854
1.2,0.0398535192515486,-0.00456722884847469,0.0143982339650393,-0.0345918773040304,-0.00968382600987712,-0.00300542575418949,-0.0398535192515486,0.00456722884847469,0.785601766034961
1.24,0.0428319980115224,-0.0057444202505163,0.0182302352041006,-0.0403596420426669,-0.0112520673079052,-0.0226845539964735,-0.0428319980115224,0.0057444202505163,0.781769764795899
1.28,0.0458825887901285,-0.00698274739040936,0.0226939860731363,-0.042206382489875,-0.0122174050382494,-0.0296703862011433,-0.0458825887901285,0.00698274739040936,0.777306013926864
1.32,0.0501573091661167,-0.00975769231108527,0.032467832788825,-0.0531890077982164,-0.0248659818571719,-0.0861036559976628,-0.0501573091661167,0.00975769231108527,0.767532167211175
1.36,0.054093977364475,-0.0124112349368687,0.0429903585463762,-0.0523285983636678,-0.0250363970804139,-0.0973166449606427,-0.054093977364475,0.0124112349368687,0.757009641453624
1.4,0.058103163784778,-0.0154923861264025,0.0560023877769709,-0.0545843475511034,-0.0295007442542286,-0.127203675023466,-0.058103163784778,0.0154923861264025,0.743997612223029
1.44,0.0615806937002087,-0.018886769157455,0.071051063016057,-0.0521041420583023,-0.0332387210502933,-0.153606477503479,-0.0615806937002087,0.018886769157455,0.728948936983943
1.48,0.065658303842151,-0.0235729377418809,0.093017840757966,-0.058358949201317,-0.0448393536726785,-0.232312993528693,-0.065658303842151,0.0235729377418809,0.706982159242034
1.52,0.0689187593684198,-0.0275030808512927,0.113655628636479,-0.0536657884019574,-0.0407883657293213,-0.22792802451551,-0.0689187593684198,0.0275030808512927,0.686344371363521
1.56,0.071832883276919,-0.0322278885871781,0.13789259083569,-0.0523717883508221,-0.0486932796839301,-0.274665560079366,-0.071832883276919,0.0322278885871781,0.66210740916431
1.6,0.074840037490514,-0.0378395255087301,0.173703314736485,-0.0544160430910324,-0.0576536091222247,-0.406984324227273,-0.074840037490514,0.0378395255087301,0.626296685263515
1.64,0.0775286116798181,-0.043363359969888,0.207343058660626,-0.0532518026595535,-0.0592803035047495,-0.400841803052276,-0.0775286116798181,0.043363359969888,0.592656941339374
1.68,0.0795272555312959,-0.0484831580088761,0.243212210014462,-0.0490318398898067,-0.0583846762740118,-0.439885139143467,-0.0795272555312959,0.0484831580088761,0.556787789985538
1.72,0.0822439542851429,-0.0560153809479648,0.290163354948163,-0.0556629856701773,-0.0795877185164189,-0.573067071828991,-0.0822439542851429,0.0560153809479648,0.509836645051837
1.76,0.0836377646294954,-0.0616263931528389,0.326535718515515,-0.04646333464528,-0.0675350736536548,-0.484445766659082,-0.0836377646294954,0.0616263931528389,0.473464281484485
1.8,0.0851582897897723,-0.0673489060796135,0.361574130132794,-0.0481891813580825,-0.0707835870249239,-0.487678524404018,-0.0851582897897723,0.0673489060796135,0.438425869867206
1.84,0.0867449196469501,-0.0741368149331454,0.40066354162991,-0.04948993510729,-0.0816239178291766,-0.546856377211214,-0.0867449196469501,0.0741368149331454,0.39933645837009
1.88,0.0881171920691542,-0.0798135651112642,0.428435491397977,-0.048604653153163,-0.0757092014646914,-0.446769061888009,-0.0881171920691542,0.0798135651112642,0.371564508602023
1.92,0.0887906205625595,-0.0849363084583765,0.452713029459119,-0.0438089294686716,-0.0737628747012102,-0.423220584832132,-0.0887906205625595,0.0849363084583765,0.347286970540881
1.96,0.0896455542932347,-0.0915212768262178,0.478475080803037,-0.0456897734815917,-0.0875334223207312,-0.450252169390767,-0.0896455542932347,0.0915212768262178,0.321524919196963
2,0.0904428946793337,-0.0966873906514694,0.497027264907956,-0.0457560506602963,-0.0791415013350612,-0.38678653921485,-0.0904428946793337,0.0966873906514694,0.302972735092044
2.04,0.090752977619026,-0.101345656620814,0.513218151405454,-0.0424065387774815,-0.0773893235848028,-0.370663060919195,-0.090752977619026,0.101345656620814,0.286781848594546
2.08,0.0912574974570636,-0.107096769256775,0.532922254875302,-0.0442481294055243,-0.0880888099520424,-0.415073718680441,-0.0912574974570636,0.107096769256775,0.267077745124698
2.12,0.0914016608488952,-0.111507628357716,0.54819362051785,-0.0417856364106262,-0.0800154456182943,-0.377847867738456,-0.0914016608488952,0.111507628357716,0.25180637948215
2.16,0.0913392110584065,-0.115568159153744,0.564161347225308,-0.0403938609487257,-0.0792352109065614,-0.392291728982329,-0.0913392110584065,0.115568159153744,0.235838652774692
2.2,0.0910881752040115,-0.119116366274216,0.580342279747128,-0.0390617295497878,-0.0770432025063967,-0.402042576081306,-0.0910881752040115,0.119116366274216,0.219657720252872
2.24,0.0906069488837907,-0.12335211637558,0.600004302337766,-0.0373249868784145,-0.0841323076361799,-0.44624517262429,-0.0906069488837907,0.12335211637558,0.199995697662234
2.28,0.0901600516824033,-0.126402599169012,0.617053853347898,-0.0375849102868771,-0.0767097001768075,-0.428245240928978,-0.0901600516824033,0.126402599169012,0.182946146652103
2.32,0.0895527329664973,-0.129879742784463,0.637217031791806,-0.0363191415449897,-0.0815533189864772,-0.469097212195396,-0.0895527329664973,0.129879742784463,0.162782968208194
2.36,0.0887107554693742,-0.132170166697648,0.653238521888852,-0.0344015151529451,-0.0738288502703237,-0.435365507838875,-0.0887107554693742,0.132170166697648,0.146761478111148
2.4,0.0882771861755353,-0.134364512966456,0.66792987473309,-0.0374685704709802,-0.0742503467784068,-0.429116288776696,-0.0882771861755353,0.134364512966456,0.13207012526691
2.44,0.0877682283317356,-0.136201510693914,0.681459115818143,-0.0368761275811053,-0.0725737608352033,-0.42399565147683,-0.0877682283317356,0.136201510693914,0.118540884181857
2.48,0.0871485193003484,-0.138248017851468,0.697193013504148,-0.0359731465183078,-0.0752360874453325,-0.45367208456099,-0.0871485193003484,0.138248017851468,0.102806986495853
2.52,0.0862814048333682,-0.139925266090875,0.709365831688046,-0.033945057003169,-0.0734140408906968,-0.423942084658891,-0.0862814048333682,0.139925266090875,0.0906341683119536
2.56,0.0859557595902993,-0.141151467022163,0.719961987808347,-0.0380483808949428,-0.0708015169845027,-0.413292273746431,-0.0859557595902993,0.141151467022163,0.0800380121916533
2.6,0.0854064819191032,-0.142736642739277,0.732763277366757,-0.0363233381346911,-0.0744102010990846,-0.441584176882356,-0.0854064819191032,0.142736642739277,0.0672367226332427
2.64,0.0851373527157076,-0.143845637365268,0.742232428863645,-0.0384876129256744,-0.071567914051535,-0.412862898570299,-0.0851373527157076,0.143845637365268,0.0577675711363554
2.68,0.0846522077785073,-0.144803184617539,0.751246498897672,-0.0368437116526908,-0.0711027689242788,-0.412703583816439,-0.0846522077785073,0.144803184617539,0.0487535011023283
2.72,0.0842352888997203,-0.146021488054977,0.761944638565183,-0.0373579439548327,-0.0738353680572389,-0.434795842982829,-0.0842352888997203,0.146021488054977,0.0380553614348174
2.76,0.0835490743670724,-0.146553570863964,0.769295798614621,-0.0352322113156162,-0.0691935894435569,-0.404925516103953,-0.0835490743670724,0.146553570863964,0.0307042013853789
2.8,0.0834028401579238,-0.147509846887489,0.776927458122373,-0.0393906682069355,-0.0730506561037375,-0.411484932038188,-0.0834028401579238,0.147509846887489,0.0230725418776274
2.84,0.0830930504737838,-0.148316926902331,0.785854743793607,-0.03820689195116,-0.0725495377383261,-0.428858691424876,-0.0830930504737838,0.148316926902331,0.0141452562063933
2.88,0.0828355841281982,-0.148748322196981,0.793242381885648,-0.0386625165530309,-0.0702010943085469,-0.417127744166553,-0.0828355841281982,0.148748322196981,0.00675761811435227
2.92,0.0828877099783268,-0.149452545964936,0.800027357414365,-0.0411709795291958,-0.0728264940099128,-0.414480091061443,-0.0828877099783268,0.149452545964936,-2.73574143647703e-05
2.96,0.0823397231254727,-0.150001195693916,0.808345781639218,-0.0366167149356405,-0.0721780537011188,-0.433973844850063,-0.0823397231254727,0.150001195693916,-0.00834578163921829
3,0.0821425511347046,-0.150382522536194,0.815037475898862,-0.0393336370512294,-0.0713756651791576,-0.421069083891064,-0.0821425511347046,0.150382522536194,-0.0150374758988618
3.04,0.0817446092032371,-0.150894309819373,0.821194158867002,-0.0378329708256658,-0.0728595984442539,-0.418827387411892,-0.0817446092032371,0.150894309819373,-0.0211941588670015
3.08,0.0815810559225335,-0.15109585481438,0.82834761030972,-0.0396889536125201,-0.0709151879006081,-0.432414186196774,-0.0815810559225335,0.15109585481438,-0.02834761030972
3.12,0.0814108777051677,-0.15162501621277,0.834132658317685,-0.0397343574124524,-0.073886167194963,-0.421679371073842,-0.0814108777051677,0.15162501621277,-0.0341326583176851
3.16,0.0813929090492995,-0.15169586434288,0.839038955047727,-0.041031563416748,-0.0707804069673368,-0.415413271976262,-0.0813929090492995,0.15169586434288,-0.0390389550477266
3.2,0.0811468703623408,-0.15212967770172,0.844953762367368,-0.0393854085268841,-0.07397956325503,-0.428533859442174,-0.0811468703623408,0.15212967770172,-0.0449537623673677
3.24,0.0811969193062883,-0.152292838974293,0.849848018959165,-0.0417883790769835,-0.0723191964724688,-0.420865387984365,-0.0811969193062883,0.152292838974293,-0.0498480189591646
3.28,0.080945807096001,-0.152489204973361,0.85377817042172,-0.0395916193747211,-0.0729513639987484,-0.413289108461142,-0.080945807096001,0.152489204973361,-0.0537781704217195
3.32,0.0806952516740775,-0.152699865247319,0.857743071392179,-0.0396574647328718,-0.0734478135799499,-0.415726610366255,-0.0806952516740775,0.152699865247319,-0.0577430713921785
3.36,0.0802144639403286,-0.152595475535781,0.86225782521069,-0.0378997978040304,-0.0713485825346186,-0.423598001898825,-0.0802144639403286,0.152595475535781,-0.0622578252106905
3.4,0.0800078379368154,-0.152967626654073,0.864550994709134,-0.0400337893072725,-0.0753766901567235,-0.402653259097785,-0.0800078379368154,0.152967626654073,-0.0645509947091341
3.44,0.0795068110315448,-0.152797694667838,0.868814097717404,-0.0377853874578582,-0.0715490293315936,-0.424613247689605,-0.0795068110315448,0.152797694667838,-0.0688140977174043
3.48,0.0792844687491601,-0.153035887913635,0.871069418266416,-0.0399455988386116,-0.0750108412594816,-0.405800711566955,-0.0792844687491601,0.153035887913635,-0.0710694182664156
3.52,0.0793041004319013,-0.153512321984158,0.873884962871671,-0.0419268251876507,-0.0772942928489666,-0.412952863268554,-0.0793041004319013,0.153512321984158,-0.0738849628716707
3.56,0.0790392045022022,-0.152693268722845,0.877139018848538,-0.0398455179233321,-0.0675575411996416,-0.419112774898857,-0.0790392045022022,0.152693268722845,-0.0771390188485384
3.6,0.0792588812882816,-0.152962441585737,0.880697356536984,-0.0437257624151075,-0.0761322928137745,-0.424089038896561,-0.0792588812882816,0.152962441585737,-0.0806973565369844
3.64,0.0788325217224975,-0.152804394330536,0.883997546508908,-0.0388684637123944,-0.0731708479091745,-0.423319051430374,-0.0788325217224975,0.152804394330536,-0.0839975465089082
3.68,0.07879194071111,-0.152692878929455,0.887666391208768,-0.0419032355092579,-0.0737808394432977,-0.42900801615268,-0.07879194071111,0.152692878929455,-0.0876663912087678
3.72,0.0786869728666203,-0.152746119092903,0.89042447693646,-0.0415359310046187,-0.0753431880005115,-0.421454802077263,-0.0786869728666203,0.152746119092903,-0.0904244769364595
3.76,0.078819513881597,-0.152751454748718,0.892067419365048,-0.04352763780234,-0.0752915306937712,-0.411305689254403,-0.078819513881597,0.152751454748718,-0.0920674193650484
3.8,0.078365480923336,-0.152498568472267,0.893622504547238,-0.0391043588475161,-0.0735592146006915,-0.411388794220239,-0.078365480923336,0.152498568472267,-0.0936225045472383
3.84,0.0785364553496242,-0.152613117188343,0.894893335178494,-0.0440170349639978,-0.0766657936680167,-0.409368909035623,-0.0785364553496242,0.152613117188343,-0.0948933351784944
3.88,0.0785506532827439,-0.152406414288018,0.896345542743802,-0.0430039633491805,-0.0744789516192648,-0.412098568829149,-0.0785506532827439,0.152406414288018,-0.096345542743802
3.92,0.0787675041138052,-0.152209474037802,0.898766921833158,-0.044767701722733,-0.0747782082235632,-0.423193664699793,-0.0787675041138052,0.152209474037802,-0.0987669218331575
3.96,0.0787741082138121,-0.152171518093829,0.901140915229917,-0.0433510278880547,-0.0762598270908777,-0.424104338315874,-0.0787741082138121,0.152171518093829,-0.101140915229917
4,0.0786845874491625,-0.152234654937772,0.902441011741757,-0.0427518313136995,-0.0773476207740126,-0.414217699553072,-0.0786845874491625,0.152234654937772,-0.102441011741757
4.04,0.078649833311538,-0.151943485835167,0.903850363567472,-0.0433060485362355,-0.0748783278437274,-0.416219810628146,-0.078649833311538,0.151943485835167,-0.103850363567471
4.08,0.0786072427164216,-0.151961846774005,0.904712485149503,-0.0433875385336231,-0.0775110345017624,-0.411386269709468,-0.0786072427164216,0.151961846774005,-0.104712485149503
4.12,0.078658711638952,-0.151974635126154,0.905521677806973,-0.044270786970419,-0.0777782791360026,-0.411471001762897,-0.078658711638952,0.151974635126154,-0.105521677806973
4.16,0.0783849877474338,-0.151746697796058,0.906388090923429,-0.0418796687317252,-0.0761856108573775,-0.412687456266582,-0.0783849877474338,0.151746697796058,-0.106388090923428
4.2,0.0779476969923304,-0.15147263983321,0.907422231510282,-0.04063477092829,-0.0760335763221957,-0.415094577445835,-0.0779476969923304,0.15147263983321,-0.107422231510282
4.24,0.0778728238094892,-0.151302333131581,0.908516811206937,-0.0434788488411046,-0.0770465333803467,-0.416461102855206,-0.0778728238094892,0.151302333131581,-0.108516811206937
4.28,0.0771608725777995,-0.150955463917601,0.909414457157254,-0.0385717286296834,-0.0758861715183882,-0.415157621989399,-0.0771608725777995,0.150955463917601,-0.109414457157254
4.32,0.0764732015350773,-0.150519844373511,0.910943733528256,-0.0386330833750065,-0.0753482071527592,-0.422457393296063,-0.0764732015350773,0.150519844373511,-0.110943733528256
4.36,0.0759880412412407,-0.150369813900218,0.912225650623441,-0.0401107962771848,-0.0777311526831693,-0.420846646552533,-0.0759880412412407,0.150369813900218,-0.112225650623441
4.4,0.0754130051877922,-0.150194175129074,0.913178728893399,-0.0393586897411981,-0.077769574568633,-0.418259248736501,-0.0754130051877922,0.150194175129074,-0.113178728893399
4.44,0.0749722733956499,-0.149596710441166,0.914345072582364,-0.040340504994513,-0.0746672826679941,-0.421201432228833,-0.0749722733956499,0.149596710441166,-0.114345072582364
4.48,0.0745224127223855,-0.149382791944904,0.914591239765286,-0.0402420386635833,-0.0777575051277147,-0.412351440905035,-0.0745224127223855,0.149382791944904,-0.114591239765286
4.52,0.0738717046636193,-0.149056919935692,0.915205048397183,-0.038624444874258,-0.0770862705607947,-0.41656394219026,-0.0738717046636193,0.149056919935692,-0.115205048397183
4.56,0.073064900574781,-0.14851761672472,0.915452824905515,-0.0372787464225091,-0.075567929103082,-0.413257919305563,-0.073064900574781,0.14851761672472,-0.115452824905515
4.6,0.0721341709267675,-0.147991253021714,0.915841685608029,-0.0361231426706392,-0.0757514651650704,-0.415094097248465,-0.0721341709267675,0.147991253021714,-0.115841685608029
4.64,0.0715889638796454,-0.147671769926305,0.916691171005368,-0.0389407477003288,-0.0774712589899272,-0.420356770266592,-0.0715889638796454,0.147671769926305,-0.116691171005368
4.68,0.0708457942006741,-0.147073201385204,0.917180405929685,-0.0373019380176313,-0.0754340342706551,-0.417232265340537,-0.0708457942006741,0.147073201385204,-0.117180405929685
4.72,0.0696026189857877,-0.146392942844391,0.917201207950711,-0.0331963180007144,-0.0748434022592538,-0.412792698130012,-0.0696026189857877,0.146392942844391,-0.117201207950711
4.76,0.0689999890923967,-0.145840437485668,0.916809665039182,-0.0378985611925454,-0.0758733348671272,-0.408707879764587,-0.0689999890923967,0.145840437485668,-0.116809665039182
4.8,0.068401668824372,-0.145027213735713,0.917030500248075,-0.0378295552537677,-0.0738843383078792,-0.415175697903335,-0.068401668824372,0.145027213735713,-0.117030500248074
4.84,0.0677584729363409,-0.144496808043992,0.916990982368588,-0.0373725130861554,-0.0760833658954183,-0.412786469080299,-0.0677584729363409,0.144496808043992,-0.116990982368588
4.88,0.0669442890399844,-0.143941090333504,0.916641579940915,-0.0358999464110458,-0.075960232286557,-0.409746904349327,-0.0669442890399844,0.143941090333504,-0.116641579940915
4.92,0.0662706073037398,-0.143401373749046,0.917016433551908,-0.0368181284954668,-0.0761522362786682,-0.417410174701363,-0.0662706073037398,0.143401373749046,-0.117016433551907
4.96,0.0653251877229409,-0.142582105008138,0.917169259861112,-0.0345344680435974,-0.0740146903564284,-0.415500347705186,-0.0653251877229409,0.142582105008138,-0.117169259861112
5,0.0645371567647331,-0.141968104741195,0.917263256385922,-0.0355303207051932,-0.075593768014401,-0.41519338664338,-0.0645371567647331,0.141968104741195,-0.117263256385922
5.04,0.06373784206902,-0.141261967437045,0.917464004829526,-0.0352550411091479,-0.0749042215231732,-0.416595806565881,-0.06373784206902,0.141261967437045,-0.117464004829526
5.08,0.0627409801399207,-0.140526303458547,0.917828487232327,-0.0335021677712499,-0.0746710298090398,-0.418650315368921,-0.0627409801399207,0.140526303458547,-0.117828487232327
5.12,0.0622430192815597,-0.140030802489291,0.917617665603757,-0.0371702234187225,-0.0765551045975667,-0.413027521215379,-0.0622430192815597,0.140030802489291,-0.117617665603757
5.16,0.0616786208367679,-0.139427656472792,0.917446600273252,-0.0365706681811381,-0.075786569941625,-0.413574786861986,-0.0616786208367679,0.139427656472792,-0.117446600273251
5.2,0.0609718718630477,-0.13869214483001,0.917150126770139,-0.0353436968663601,-0.0747784784003339,-0.412407361584902,-0.0609718718630477,0.13869214483001,-0.117150126770139
5.24,0.0604997734849267,-0.138139327015691,0.916491316631436,-0.0370366807258319,-0.0762049392777417,-0.408688890413195,-0.0604997734849267,0.138139327015691,-0.116491316631436
5.28,0.0598744149852128,-0.137344812808863,0.916116820648313,-0.0357580859609699,-0.074350689305226,-0.411577766610682,-0.0598744149852128,0.137344812808863,-0.116116820648313
5.32,0.0594019618650404,-0.136633578823828,0.915650771930814,-0.0368356438894317,-0.0749654870002706,-0.410661448549479,-0.0594019618650404,0.136633578823828,-0.115650771930814
5.36,0.0589778530730761,-0.136150471540756,0.915440665557981,-0.0371473867579376,-0.0767564615094189,-0.41334712035358,-0.0589778530730761,0.136150471540756,-0.11544066555798
5.4,0.0584322863903496,-0.135447334650163,0.915257500484586,-0.0361361816102759,-0.0750972856398471,-0.413755832142383,-0.0584322863903496,0.135447334650163,-0.115257500484586
5.44,0.058055432729386,-0.134740966467612,0.914574788883328,-0.0373676523818942,-0.0750613983464475,-0.408649526064098,-0.058055432729386,0.134740966467612,-0.114574788883328
5.48,0.0578927077958761,-0.134149852055339,0.913954960182309,-0.0390246387298503,-0.0759588377915589,-0.409197590293735,-0.0578927077958761,0.134149852055339,-0.113954960182309
5.52,0.0573772162039642,-0.133669827102063,0.91407679207623,-0.0362884775706634,-0.0768682984568338,-0.416903022110462,-0.0573772162039642,0.133669827102063,-0.11407679207623
5.56,0.0572909394895274,-0.133312425476036,0.913530753925443,-0.0395878328983591,-0.0779123524149937,-0.410179456172138,-0.0572909394895274,0.133312425476036,-0.113530753925443
5.6,0.0568023480289354,-0.132817036750221,0.91320245154202,-0.0364896175969378,-0.0769459185272164,-0.412419724161923,-0.0568023480289354,0.132817036750221,-0.11320245154202
5.64,0.0567616689037123,-0.132313267789506,0.912918614223599,-0.0399462931581727,-0.0769471932546788,-0.412948861055821,-0.0567616689037123,0.132313267789506,-0.112918614223599
5.68,0.0563627768021838,-0.131890259711224,0.912431227043271,-0.0372136623330789,-0.0776483231771871,-0.410895506075025,-0.0563627768021838,0.131890259711224,-0.112431227043271
5.72,0.0561638780910884,-0.13162695828665,0.912267791107297,-0.0387467788304933,-0.0790045830295978,-0.414278163004667,-0.0561638780910884,0.13162695828665,-0.112267791107297
5.76,0.0558945775453636,-0.131389304683864,0.912021743133664,-0.0382233726086646,-0.0793651341684611,-0.413553554223478,-0.0558945775453636,0.131389304683864,-0.112021743133664
5.8,0.0557803103231335,-0.131314063409816,0.911796199157834,-0.0394522048010738,-0.0808159087337474,-0.413869865699858,-0.0557803103231335,0.131314063409816,-0.111796199157834
5.84,0.0558185670801412,-0.131202817523615,0.911639200523496,-0.0407229979688063,-0.0807640039149325,-0.414700412195921,-0.0558185670801412,0.131202817523615,-0.111639200523496
5.88,0.0557132196914358,-0.13118735584946,0.911663042381406,-0.0397154650546369,-0.0817386064706726,-0.416744016448408,-0.0557132196914358,0.13118735584946,-0.111663042381406
5.92,0.0557758307078152,-0.131260314439127,0.911397503688931,-0.0411116239387068,-0.0826933165968923,-0.413940767683089,-0.0557758307078152,0.131260314439127,-0.111397503688931
5.96,0.0556541957417937,-0.131160545816725,0.910971151664853,-0.0397926767457075,-0.0816204756863004,-0.412342253362387,-0.0556541957417937,0.131160545816725,-0.110971151664853
6,0.0557499338920605,-0.131224101664511,0.910450207069516,-0.0415725787694602,-0.0831331526434573,-0.411357797655463,-0.0557499338920605,0.131224101664511,-0.110450207069516
6.04,0.0558954783614735,-0.13142315070743,0.909939812496305,-0.0421158438186054,-0.0844914194274509,-0.411429001004249,-0.0558954783614735,0.13142315070743,-0.109939812496304
6.08,0.0559359044841009,-0.131386740525877,0.909499989822507,-0.0414554176234874,-0.0829737574727072,-0.412134688286483,-0.0559359044841009,0.131386740525877,-0.109499989822507
6.12,0.0558838031849145,-0.131336278103865,0.908705877140164,-0.0408524932491783,-0.0831109541815029,-0.408413731839508,-0.0558838031849145,0.131336278103865,-0.108705877140164
6.16,0.0559789024626401,-0.13135357055712,0.907885121181607,-0.0421063048934774,-0.0838887052835246,-0.407954332852364,-0.0559789024626401,0.13135357055712,-0.107885121181607
6.2,0.0560065364575829,-0.131232240074351,0.9072834122926,-0.0417233266755093,-0.0830632082113468,-0.410059719345719,-0.0560065364575829,0.131232240074351,-0.1072834122926
6.24,0.0562195182852826,-0.131283593884547,0.906759547069669,-0.0433106412251814,-0.0846413464128102,-0.410790790219605,-0.0562195182852826,0.131283593884547,-0.106759547069669
6.28,0.0564050496043175,-0.131143228643322,0.906326400116086,-0.0432914139743791,-0.0834098746184315,-0.411694918530434,-0.0564050496043175,0.131143228643322,-0.106326400116086
6.32,0.0563915775197806,-0.130979597032152,0.90618990547955,-0.0419063097129852,-0.0834322106566693,-0.41480584718287,-0.0563915775197806,0.130979597032152,-0.10618990547955
6.36,0.0565004883535916,-0.130918090903066,0.905582772567868,-0.0429805290891584,-0.0844355085147243,-0.410008277786523,-0.0565004883535916,0.130918090903066,-0.105582772567868
6.4,0.0565321691871548,-0.130724545775596,0.905274914577603,-0.0425269773974324,-0.0836296341576584,-0.413058263550699,-0.0565321691871548,0.130724545775596,-0.105274914577603
6.44,0.0565288541871806,-0.130574357291316,0.904856251552701,-0.0423762469842862,-0.0841561826794322,-0.411951431521028,-0.0565288541871806,0.130574357291316,-0.104856251552701
6.48,0.0566372259486405,-0.130506668576202,0.904334234073758,-0.0433703041080001,-0.0850090041767096,-0.410866590744257,-0.0566372259486405,0.130506668576202,-0.104334234073758
6.52,0.0564896577223509,-0.130296245592087,0.903850244358182,-0.0415050013612601,-0.0841153413027038,-0.411213541988283,-0.0564896577223509,0.130296245592087,-0.103850244358182
6.56,0.0563827128567368,-0.130049881942394,0.902948485687375,-0.0418798779355265,-0.0840078333421795,-0.406792673589289,-0.0563827128567368,0.130049881942394,-0.102948485687375
6.6,0.0564190467539907,-0.130058487844077,0.902366207912564,-0.0430817676416506,-0.0861836471020579,-0.409902240633219,-0.0564190467539907,0.130058487844077,-0.102366207912564
6.64,0.056209273545323,-0.129907274511254,0.901988254860044,-0.0412648931572798,-0.0851846344858214,-0.411961243745685,-0.056209273545323,0.129907274511254,-0.101988254860043
6.68,0.0560809632778889,-0.129849759395098,0.901291059330106,-0.0419369596566489,-0.0861241796133839,-0.408624197716266,-0.0560809632778889,0.129849759395098,-0.101291059330106
6.72,0.055744242161846,-0.129742621215725,0.900928007438779,-0.0403513517722209,-0.0859688508863006,-0.411986690275371,-0.055744242161846,0.129742621215725,-0.100928007438779
6.76,0.0557071962501128,-0.129608539774238,0.901122139766812,-0.0426955859241749,-0.0859726290862783,-0.417857454647869,-0.0557071962501128,0.129608539774238,-0.101122139766812
6.8,0.0555644263580569,-0.129363571575381,0.900819944217801,-0.0419569625074324,-0.0853022082060144,-0.41294532238245,-0.0555644263580569,0.129363571575381,-0.100819944217801
6.84,0.0549785078768626,-0.129237030968462,0.900802778080106,-0.0385101095491325,-0.0863985260459284,-0.415988673315197,-0.0549785078768626,0.129237030968462,-0.100802778080106
6.88,0.0548195409280858,-0.129031823973213,0.900810228660703,-0.041758616278507,-0.0859849193972889,-0.416440171344578,-0.0548195409280858,0.129031823973213,-0.100810228660703
6.92,0.0543710383968826,-0.128957671811717,0.900806235149503,-0.039517337479683,-0.0871962334337873,-0.416525354128331,-0.0543710383968826,0.128957671811717,-0.100806235149503
6.96,0.0540998735383943,-0.128781649467489,0.900361286476254,-0.040847646158444,-0.0866197134692296,-0.412094940641522,-0.0540998735383943,0.128781649467489,-0.100361286476254
7,0.0538881940886304,-0.128498803528301,0.899760888889432,-0.041317314691048,-0.0859629614302853,-0.410440975285321,-0.0538881940886304,0.128498803528301,-0.0997608888894319
7.04,0.0532229352107809,-0.128271801245039,0.898889528587461,-0.0377571418174442,-0.0865479855434872,-0.407495189760625,-0.0532229352107809,0.128271801245039,-0.0988895285874605
7.08,0.0528778610038826,-0.127961701761872,0.897906826809049,-0.0401269430372399,-0.0860572603534183,-0.40608820316419,-0.0528778610038826,0.127961701761872,-0.0979068268090486
7.12,0.0521991877453094,-0.12768893371368,0.897320376709104,-0.0374592365682563,-0.0864840622999778,-0.409953308552503,-0.0521991877453094,0.12768893371368,-0.0973203767091035
7.16,0.0517967408884261,-0.127533772604461,0.896926866844296,-0.0394743542136685,-0.0875594277660239,-0.411880596724898,-0.0517967408884261,0.127533772604461,-0.0969268668442964
7.2,0.0510794521657071,-0.127182339307991,0.896705972030759,-0.036929718212589,-0.0862018805882538,-0.413690153564513,-0.0510794521657071,0.127182339307991,-0.0967059720307588
7.24,0.0501568779487009,-0.126862284999321,0.896561788395047,-0.0351232062229646,-0.0865635659518998,-0.414578585468978,-0.0501568779487009,0.126862284999321,-0.0965617883950471
7.28,0.049262046385045,-0.126549262442081,0.896329687908292,-0.0350736572535274,-0.0867448196347363,-0.413776490291953,-0.049262046385045,0.126549262442081,-0.0963296879082918
7.32,0.0483046484321855,-0.126062590618344,0.89636336453259,-0.0343199742461261,-0.0855008799313888,-0.416643759090453,-0.0483046484321855,0.126062590618344,-0.0963633645325899
7.36,0.0475642345188927,-0.125824199799466,0.895989643409848,-0.0357477982744237,-0.0875197563215214,-0.41257564778775,-0.0475642345188927,0.125824199799466,-0.0959896434098482
7.4,0.0463637836130278,-0.125263008354511,0.895548151805997,-0.0319124689368243,-0.085125923447565,-0.411869176461548,-0.0463637836130278,0.125263008354511,-0.0955481518059969
7.44,0.044952298204448,-0.124646092458615,0.895019935443997,-0.0298578435702575,-0.0847117497238555,-0.410928917002678,-0.044952298204448,0.124646092458615,-0.0950199354439973
7.48,0.0419084426236663,-0.123160314012272,0.893033849075437,-0.0164874296428391,-0.0778502614018818,-0.395547213623673,-0.0419084426236663,0.123160314012272,-0.0930338490754365
7.52,0.0405947564947876,-0.122718060990629,0.892692672088742,-0.0290220429658072,-0.0857461215064944,-0.412011786647141,-0.0405947564947876,0.122718060990629,-0.0926926720887422
7.56,0.0389845187438551,-0.122197645834443,0.89244125969708,-0.0262350002130207,-0.0851971755569367,-0.412969111745805,-0.0389845187438551,0.122197645834443,-0.0924412596970796
7.6,0.0375720558343628,-0.121600810361962,0.892708348110318,-0.0272312953975124,-0.0846296842873987,-0.418472546520829,-0.0375720558343628,0.121600810361962,-0.0927083481103181
7.64,0.0361671690428151,-0.121164018569335,0.892903493717313,-0.0268013056771474,-0.0858984967899724,-0.418036107958108,-0.0361671690428151,0.121164018569335,-0.0929034937173128
7.68,0.034862557719399,-0.120457043953822,0.893039988353848,-0.0271038614968528,-0.0838316638092683,-0.417703652559221,-0.034862557719399,0.120457043953822,-0.0930399883538484
7.72,0.0336132796824996,-0.119725008464256,0.892944501712918,-0.0270888750464077,-0.0835918071459448,-0.415522176440805,-0.0336132796824996,0.119725008464256,-0.0929445017129182
7.76,0.0326120215725255,-0.119157489688898,0.892988609150052,-0.0286157478137226,-0.084838125009295,-0.417126059943438,-0.0326120215725255,0.119157489688898,-0.092988609150052
7.8,0.031365082300087,-0.118584270287478,0.892576800659299,-0.0263395874294093,-0.0848043975326376,-0.412546973637491,-0.031365082300087,0.118584270287478,-0.0925768006592989
7.84,0.0301133147443644,-0.117811292675835,0.891948627308011,-0.025865398447089,-0.0832341884518788,-0.41025439195782,-0.0301133147443644,0.117811292675835,-0.091948627308011
7.88,0.0293812968606368,-0.117185089422384,0.891756581142545,-0.0295309404630499,-0.0843201374222921,-0.414703537987918,-0.0293812968606368,0.117185089422384,-0.0917565811425447
7.92,0.0285001090569799,-0.116661090762038,0.891346143558621,-0.0281184535358388,-0.0851114425852905,-0.412497918173671,-0.0285001090569799,0.116661090762038,-0.0913461435586214
7.96,0.02736507293348,-0.115896450612412,0.89059286005795,-0.0258175769057294,-0.0832340975373648,-0.408875509542972,-0.02736507293348,0.115896450612412,-0.09059286005795
8,0.0263956347695045,-0.115021807985836,0.8898273576051,-0.0267265164824402,-0.0822910148108309,-0.408551754514873,-0.0263956347695045,0.115021807985836,-0.0898273576050996
8.04,0.0254325820401438,-0.114336364542831,0.888171659782529,-0.0264419774198456,-0.0836658749263846,-0.399001606621593,-0.0254325820401438,0.114336364542831,-0.0881716597825288
8.08,0.0247726118064614,-0.113578988433919,0.887362765148282,-0.0285019732080396,-0.0830521022175972,-0.407241534507275,-0.0247726118064614,0.113578988433919,-0.087362765148282
8.12,0.0239814937096665,-0.112807632825664,0.886906074360013,-0.0272514622195913,-0.0828658717060928,-0.410709953103215,-0.0239814937096665,0.112807632825664,-0.086906074360013
8.16,0.0232234391381714,-0.112130906283047,0.886069582775235,-0.0272441798181617,-0.0835305143469847,-0.406667511494458,-0.0232234391381714,0.112130906283047,-0.0860695827752351
8.2,0.0225443808507187,-0.111333711794359,0.885803328827024,-0.0276114755117743,-0.0825323887685485,-0.412408900051564,-0.0225443808507187,0.111333711794359,-0.0858033288270235
8.24,0.0220346766510136,-0.110593388086869,0.885583566501737,-0.0287228382517007,-0.0828854575681176,-0.412935541775823,-0.0220346766510136,0.110593388086869,-0.0855835665017366
8.28,0.0216502606234535,-0.109872044112097,0.885228620842099,-0.029552802485066,-0.0829604547497679,-0.411577402735502,-0.0216502606234535,0.109872044112097,-0.0852286208420991
8.32,0.0214881344062178,-0.109320036677103,0.885189877822995,-0.0311984260968517,-0.0842294199123397,-0.414890514872968,-0.0214881344062178,0.109320036677103,-0.0851898778229951
8.36,0.0209647502549112,-0.108646576456698,0.884700046852231,-0.0283226141996097,-0.0832677800069403,-0.410305099626631,-0.0209647502549112,0.108646576456698,-0.084700046852231
8.4,0.0202930924431654,-0.107678733748244,0.883774625137448,-0.0269838281221273,-0.0808900674161035,-0.405655881422758,-0.0202930924431654,0.107678733748244,-0.0837746251374483
8.44,0.0199157770697864,-0.107007219059779,0.883646594360471,-0.0290810564454134,-0.083059279158133,-0.413733324662596,-0.0199157770697864,0.107007219059779,-0.0836465943604707
8.48,0.0197752770178289,-0.106635227576102,0.883132206276059,-0.0308408028894309,-0.0853709210386942,-0.40977985073477,-0.0197752770178289,0.106635227576102,-0.0831322062760591
8.52,0.019729481007923,-0.106151700275432,0.882835851982236,-0.0315723153548918,-0.0845542619461341,-0.411978275906294,-0.019729481007923,0.106151700275432,-0.0828358519822359
8.56,0.0195128887443432,-0.105692959356679,0.882489370182157,-0.0302441655089202,-0.084768966843552,-0.411469431647658,-0.0195128887443432,0.105692959356679,-0.0824893701821565
8.6,0.0193959049850799,-0.105407856442021,0.882319318130612,-0.0309834615650786,-0.0861685966271221,-0.413313681847602,-0.0193959049850799,0.105407856442021,-0.0823193181306123
8.64,0.019099747332034,-0.104964621909675,0.882375048473477,-0.0295599861104602,-0.0850161313944066,-0.415764009599388,-0.019099747332034,0.104964621909675,-0.0823750484734773
8.68,0.0189426859487982,-0.104627633831164,0.88239829428494,-0.0305785830754059,-0.0858881138105782,-0.41561553728804,-0.0189426859487982,0.104627633831164,-0.0823982942849397
8.72,0.0183273829622357,-0.103957276820117,0.881695376709104,-0.0269335352277277,-0.083328959279811,-0.408167241215706,-0.0183273829622357,0.103957276820117,-0.0816953767091035
8.76,0.0183150355896868,-0.103620378249185,0.880929874256253,-0.0314874181497357,-0.085903052705932,-0.407322031972557,-0.0183150355896868,0.103620378249185,-0.0809298742562532
8.8,0.0181503798670941,-0.103423028022337,0.880140589550138,-0.0303158733065483,-0.0870779659523289,-0.406851426835358,-0.0181503798670941,0.103423028022337,-0.0801405895501375
8.84,0.0181135823164702,-0.10319731474466,0.879769908264279,-0.0312963913357999,-0.0869818038160816,-0.411012401574105,-0.0181135823164702,0.10319731474466,-0.0797699082642793
8.88,0.0179198884798541,-0.103060745450992,0.879103051498532,-0.0300784188208447,-0.0878021506081691,-0.407876758208871,-0.0179198884798541,0.103060745450992,-0.0791030514985323
8.92,0.0177363487752023,-0.102964342529826,0.87840716727078,-0.0301169987056758,-0.0882709587243699,-0.407396747577935,-0.0177363487752023,0.102964342529826,-0.0784071672707796
8.96,0.0174808974114536,-0.102846403563578,0.877697693184018,-0.0295109534145,-0.0882681914848202,-0.407062926279008,-0.0174808974114536,0.102846403563578,-0.0776976931840181
9,0.0171935117910129,-0.10289100167665,0.877287374809384,-0.0291914540359565,-0.0897107516320688,-0.410004719599336,-0.0171935117910129,0.10289100167665,-0.0772873748093843
9.04,0.0156068553769172,-0.102913197372424,0.877179251983762,0.2,-0.0897573937840017,-0.413127188426256,0.984393144623083,0.102913197372424,-0.0771792519837617
9.08,0.0151563087575816,-0.102809538508762,0.877644108608365,0.2,-0.0889778474375151,-0.419243769744784,0.984843691242418,0.102809538508762,-0.077644108608365
9.12,0.0151294061794852,-0.102712283469067,0.878258751705289,0.2,-0.0891925931783978,-0.421204244233668,0.984870593820515,0.102712283469067,-0.0782587517052888
9.16,0.0163755192939509,-0.102407489331057,0.878501759842038,0.2,-0.0877195568527775,-0.417765916203707,0.983624480706049,0.102407489331057,-0.0785017598420381
9.2,0.0183980015162357,-0.101431099050307,0.877547727897763,0.2,-0.0824968446485863,-0.405475502941012,0.981601998483764,0.101431099050307,-0.0775477278977632
9.24,0.0226213739350272,-0.100369457237008,0.876655803993344,0.2,-0.0816356636272494,-0.405805716843158,0.977378626064973,0.100369457237008,-0.0766558039933443
9.28,0.028914945842164,-0.098406395467944,0.873035537078977,0.2,-0.0742905281658639,-0.376865464894474,0.971085054157836,0.098406395467944,-0.0730355370789766
9.32,0.0410365414740863,-0.0950848831669089,0.87220005877316,0.2,-0.0629703570465994,-0.404441682901233,0.958963458525914,0.0950848831669089,-0.0722000587731599
9.36,0.0545516962067416,-0.0917983253376209,0.871566997841001,0.2,-0.0621080622193222,-0.406293726289272,0.945448303793258,0.0917983253376209,-0.0715669978410005
9.4,0.0710134809789428,-0.0871906323678775,0.868922935798764,0.2,-0.0505400681286845,-0.385004818163067,0.928986519021057,0.0871906323678775,-0.0689229357987642
9.44,0.0973860167419535,-0.0804303075605547,0.867809044197202,0.138747746584198,-0.0318655806886453,-0.399887422640622,0.902613983258046,0.0804303075605547,-0.0678090441972017
9.48,0.12102313792319,-0.0745882472870013,0.865916417911649,0.151613735441528,-0.0365766011976154,-0.391289380746335,0.87897686207681,0.0745882472870013,-0.0659164179116487
9.52,0.148002925765766,-0.0681545327818863,0.864968227222562,0.117509774068606,-0.0297148851534317,-0.400391474202275,0.851997074234234,0.0681545327818863,-0.0649682272225618
9.56,0.184965897951942,-0.0595510490637201,0.863238440826535,0.0295546967656012,-0.0101365316338446,-0.39184056038931,0.815034102048058,0.0595510490637201,-0.0632384408265352
9.6,0.216056662475706,-0.0523592743895279,0.861089693382382,0.0627900166282876,-0.0179667416921008,-0.386703053067625,0.783943337524294,0.0523592743895279,-0.0610896933823823
9.64,0.249879461203994,-0.045364580357399,0.860139833763242,0.0303385272780868,-0.0167516874435029,-0.398339180894941,0.750120538796006,0.045364580357399,-0.0601398337632417
9.68,0.2937109591872,-0.0369301917608676,0.859924303367734,-0.060759075249494,-0.00267095193258551,-0.405694987601042,0.7062890408128,0.0369301917608676,-0.0599243033677339
9.72,0.329878522977161,-0.0306396551403379,0.860291229560971,-0.0163340162345054,-0.0163074874879093,-0.411822865191847,0.670121477022839,0.0306396551403379,-0.0602912295609712
9.76,0.366143800082847,-0.0248301463469265,0.860179351642728,-0.0302327339906766,-0.0176526719842118,-0.40709946757704,0.633856199917153,0.0248301463469265,-0.0601793516427278
9.8,0.410747835466224,-0.0190713829677324,0.860963450744748,-0.10934732282688,-0.0157794175318579,-0.416571646033972,0.589252164533776,0.0190713829677324,-0.0609634507447481
9.84,0.446052804055813,-0.014995244357463,0.861194478347898,-0.0525478049802287,-0.0268067906206211,-0.411278371748328,0.553947195944187,0.014995244357463,-0.0611944783478975
9.88,0.472236326221373,-0.0126702092794079,0.861822472885251,0.00649752872564899,-0.0390400435697218,-0.415684427315742,0.527763673778627,0.0126702092794079,-0.061822472885251
9.92,0.51407927765272,-0.0101484646843171,0.862237023189664,-0.126629843992741,-0.0365813647724757,-0.413880905084312,0.48592072234728,0.0101484646843171,-0.0622370231896638
9.96,0.554778774831904,-0.00873016379086494,0.862751530483365,-0.133361894528489,-0.0443101691067535,-0.415262202670425,0.445221225168096,0.00873016379086494,-0.062751530483365
10,0.586322067821281,-0.00853510688300556,0.86183195002377,-0.0764172378503563,-0.0534239365631374,-0.400587037968636,0.413677932178719,0.00853510688300556,-0.0618319500237703
10.04,0.616639789559928,-0.00944096590016294,0.862181352451444,-0.078525186300977,-0.062060219821392,-0.4135752319552,0.383360210440072,0.00944096590016294,-0.0621813524514436
10.08,0.651618413051117,-0.0108700967696095,0.860498057678342,-0.126706678420646,-0.06657529299314,-0.392530975265801,0.348381586948883,0.0108700967696095,-0.0604980576783418
10.12,0.68015430618659,-0.0136205406863638,0.862115310505033,-0.0891037948330604,-0.0776070586081889,-0.426466073792428,0.31984569381341,0.0136205406863638,-0.0621153105050325
10.16,0.705550126925964,-0.0164923418153106,0.861928390339017,-0.0750718887704402,-0.0796931992325839,-0.408455114403367,0.294449873074036,0.0164923418153106,-0.0619283903390169
10.2,0.736215701167798,-0.0204587657529166,0.861577199772,-0.126272369989476,-0.0895224245562012,-0.406760671890527,0.263784298832202,0.0204587657529166,-0.0615771997720003
10.24,0.759170912318935,-0.0241657684034378,0.861764358356595,-0.0770991626720406,-0.0891004834947787,-0.412360897098482,0.240829087681065,0.0241657684034378,-0.061764358356595
10.28,0.78189019066017,-0.0283792021806503,0.86250607855618,-0.0839357197589111,-0.0946324219926559,-0.41840090206489,0.21810980933983,0.0283792021806503,-0.06250607855618
10.32,0.806689767200434,-0.0335132447060546,0.861583100631833,-0.109021567249054,-0.103647363018618,-0.40141744402051,0.193310232799566,0.0335132447060546,-0.061583100631833
10.36,0.830523814402374,-0.0389158605797074,0.861128496006131,-0.110927095626799,-0.107889735969354,-0.405997040895373,0.169476185597626,0.0389158605797074,-0.0611284960061311
10.4,0.847970476677797,-0.0434496773760472,0.860849725082517,-0.0696614212168881,-0.103265101329202,-0.407738249446452,0.152029523322203,0.0434496773760472,-0.0608497250825166
10.44,0.867569770366648,-0.0485467267292571,0.860036896541715,-0.0933418152465062,-0.109615064601764,-0.402112958454341,0.132430229633352,0.0485467267292571,-0.0600368965417146
10.48,0.886407211936649,-0.0538151796591997,0.860132204368711,-0.0948980405238578,-0.113105066052695,-0.4113620498389,0.113592788063351,0.0538151796591997,-0.0601322043687105
10.52,0.904267134658049,-0.0587075002263699,0.861336754634976,-0.0944834326717837,-0.112348631918088,-1,0.0957328653419511,0.0587075002263699,-0.861336754634976
10.56,0.915511323772636,-0.0623142550237683,0.860977517440915,-0.0491716405358388,-0.104267005564212,-0.807359520573167,0.0844886762273641,0.0623142550237683,-0.860977517440915
10.6,0.933949275454145,-0.0676512378839199,0.861442672088742,-0.1103310631079,-0.11950313768897,-0.817557971350849,0.0660507245458555,0.0676512378839199,-0.861442672088742
10.64,0.944424229772942,-0.07096727822775,0.853229867294431,-0.054666463165991,-0.105807787429857,-0.728394859876484,0.0555757702270583,0.07096727822775,-0.853229867294431
10.68,0.958382258514064,-0.0744272848743011,0.832544969394803,-0.0862615812894204,-0.108413471915341,-0.595037939608097,0.0416177414859364,0.0744272848743011,-0.832544969394803
10.72,0.968841717920758,-0.0780989646515367,0.809856997802854,-0.0641228595609183,-0.111618546876118,-0.565328306827694,0.0311582820792423,0.0780989646515367,-0.809856997802854
10.76,0.981550302854715,-0.0811480970315732,0.767680512741208,-0.086012418424815,-0.108325292278442,-0.350974643595518,0.0184496971452852,0.0811480970315732,-0.767680512741208
10.8,0.993473196692702,-0.0841700924784577,0.715343879535794,-0.0848519933459474,-0.109492859652619,-0.224740206580608,0.00652680330729771,0.0841700924784577,-0.715343879535794
10.84,1.00551240158899,-0.0877034092555451,0.659094320610166,-0.0905269546350629,-0.114909436524933,-0.158916857674718,-0.00551240158898536,0.0877034092555451,-0.659094320610166
10.88,1.015507604474,-0.0904301855811067,0.604473756626248,-0.079206045507759,-0.110126500487225,-0.149214713741095,-0.0155076044740032,0.0904301855811067,-0.604473756626248
10.92,1.02454030391007,-0.0925874563670443,0.558112012222409,-0.0756313646240197,-0.106898977625582,-0.209830984853207,-0.0245403039100724,0.0925874563670443,-0.558112012222409
10.96,1.03001411561262,-0.0945502676573162,0.531632648780942,-0.051178311911451,-0.106410830836932,-0.396531336780638,-0.0300141156126206,0.0945502676573162,-0.531632648780942
11,1.03517491542658,-0.0961616458820996,0.507920728996396,-0.0509550709038598,-0.104608734670997,-0.41341307875514,-0.0351749154265819,0.0961616458820996,-0.507920728996396
11.04,1.03988808610593,-0.0969701554172926,0.492167757824063,-0.0495534704968623,-0.0991029466049098,-0.486141920749098,-0.0398880861059312,0.0969701554172926,-0.492167757824063
11.08,1.04281029887412,-0.0979891996998448,0.480040716007352,-0.0373699474426296,-0.101283515233959,-0.517322028912605,-0.0428102988741179,0.0979891996998448,-0.480040716007352
11.12,1.04526805535431,-0.0990964836290436,0.468976931646466,-0.0349552484725309,-0.102584204554888,-0.523382792722433,-0.0452680553543146,0.0990964836290436,-0.468976931646466
11.16,1.04671681689877,-0.100088457372958,0.458609895780683,-0.0280578271829535,-0.102314360630076,-0.526104713603854,-0.0467168168987688,0.100088457372958,-0.458609895780683
11.2,1.04785133790848,-0.100764835816474,0.441469328477979,-0.0262482652100828,-0.100418124169244,-0.450716335374862,-0.0478513379084826,0.100764835816474,-0.441469328477979
11.24,1.04917187953594,-0.101252155686079,0.420140849426389,-0.0282673391699804,-0.0993966424843919,-0.399055917017162,-0.0491718795359426,0.101252155686079,-0.420140849426389
11.28,1.05071242206566,-0.101163993987101,0.400179790332913,-0.0306319067078774,-0.0952477703517936,-0.403589868750423,-0.050712422065661,0.101163993987101,-0.400179790332913
11.32,1.05187165772613,-0.101020059477168,0.371662871912122,-0.028337224296809,-0.0949742284536292,-0.30457317584753,-0.0518716577261278,0.101020059477168,-0.371662871912122
11.36,1.05303658140252,-0.101414183610668,0.345919357612729,-0.0289495972022759,-0.0993693580517357,-0.320178785655648,-0.0530365814025222,0.101414183610668,-0.345919357612729
11.4,1.0552704222475,-0.101164923812184,0.319708721712232,-0.0379660854674562,-0.0946471030096799,-0.303094090409576,-0.0552704222475011,0.101164923812184,-0.319708721712232
11.44,1.05658986413276,-0.101296296243246,0.299713360145688,-0.0317464108681494,-0.0977567235513284,-0.355888570409268,-0.0565898641327593,0.101296296243246,-0.299713360145688
11.48,1.05948206330296,-0.0993120662130096,0.277805017307401,-0.0448121499015951,-0.0812986056719808,-0.326404012992978,-0.059482063302964,0.0993120662130096,-0.277805017307401
11.52,1.06166629633098,-0.0984109764282196,0.263493733480573,-0.0404950611729746,-0.0892603457313384,-0.395774571228773,-0.0616662963309778,0.0984109764282196,-0.263493733480573
11.56,1.06390125007671,-0.0977584403273533,0.2555020917207,-0.0418927806467936,-0.0910603058732761,-0.455502158485353,-0.0639012500767069,0.0977584403273533,-0.2555020917207
11.6,1.06611023858856,-0.0968129611835922,0.248055415228009,-0.0427094392976385,-0.0886805582747152,-0.457739477094262,-0.0661102385885626,0.0968129611835922,-0.248055415228009
11.64,1.06790149615194,-0.0961476443452185,0.241992520168424,-0.0404251806865793,-0.0907092747521389,-0.469041954725981,-0.06790149615194,0.0961476443452185,-0.241992520168424
11.68,1.06962800125781,-0.0956208513812775,0.235252426937222,-0.0407659422899584,-0.0917297819134979,-0.459383911434561,-0.0696280012578141,0.0956208513812775,-0.235252426937222
11.72,1.07115420294451,-0.0953819762774154,0.227376179769635,-0.0400134033233386,-0.0939848575253076,-0.444554753340781,-0.0711542029445129,0.0953819762774154,-0.227376179769635
11.76,1.07265270188037,-0.0948759945432294,0.217998864129186,-0.0405473406722802,-0.0919699290567582,-0.425310163151473,-0.0726527018803729,0.0948759945432294,-0.217998864129186
11.8,1.07421711645521,-0.0942490999806956,0.204407723620534,-0.0418127791983371,-0.091002077008223,-0.376812341943384,-0.0742171164552141,0.0942490999806956,-0.204407723620534
11.84,1.07481625781581,-0.0944700880854726,0.190916882827878,-0.0349613208686793,-0.097638090454926,-0.371478734154254,-0.0748162578158142,0.0944700880854726,-0.190916882827878
11.88,1.07588414644529,-0.0941402638028048,0.176201047375798,-0.0390537133526821,-0.0935640080121943,-0.352252703599632,-0.0758841464452917,0.0941402638028048,-0.176201047375798
11.92,1.07668282825642,-0.0941058132822706,0.163214119151235,-0.0375059032323717,-0.0959538115475879,-0.363400713857263,-0.0766828282564158,0.0941058132822706,-0.163214119151235
11.96,1.0768133816221,-0.0943794120642402,0.153569193556905,-0.032700526894327,-0.0985618324557184,-0.392324705600739,-0.0768133816220959,0.0943794120642402,-0.153569193556905
12,1.0765170588735,-0.0941838501195072,0.143774809315801,-0.0295340537010273,-0.0951536610516848,-0.386240065399557,-0.0765170588734956,0.0941838501195072,-0.143774809315801
12.04,1.07592661353456,-0.0940942301466228,0.135464774444699,-0.0272449902557192,-0.0961007455516345,-0.397216091282666,-0.0759266135345642,0.0940942301466228,-0.135464774444699
12.08,1.07580394699155,-0.0939649153828798,0.1293904799968,-0.0308561178349502,-0.0959394971749903,-0.416807277839631,-0.0758039469915486,0.0939649153828798,-0.1293904799968
12.12,1.07490513877861,-0.0938300428612273,0.12455310113728,-0.0248271399193492,-0.0960317948127745,-0.427016525253654,-0.0749051387786117,0.0938300428612273,-0.12455310113728
12.16,1.07502662864129,-0.0935585564997972,0.121186764910817,-0.032677781709091,-0.0950862565555936,-0.440292889673263,-0.0750266286412899,0.0935585564997972,-0.121186764910817
12.2,1.07380075047866,-0.0932932643275307,0.116571726277471,-0.0222322235115047,-0.095213713218412,-0.425740719817579,-0.0738007504786593,0.0932932643275307,-0.116571726277471
12.24,1.07322065330296,-0.0928353210300584,0.112369986250997,-0.0269911435442026,-0.0937722389890358,-0.428005979325622,-0.0732206533029645,0.0928353210300584,-0.112369986250997
12.28,1.0722745977182,-0.0920785901003379,0.106969343498349,-0.0240144745488841,-0.0914143100173457,-0.413541370660067,-0.0722745977182004,0.0920785901003379,-0.106969343498349
12.32,1.07130243517188,-0.0911324737793627,0.100231753662229,-0.0235743565141583,-0.0897996302347468,-0.397017043594271,-0.0713024351718849,0.0911324737793627,-0.100231753662229
12.36,1.07056398739568,-0.0906520666041125,0.0950773600488901,-0.0251744430498354,-0.0932825509051423,-0.410472272522747,-0.0705639873956783,0.0906520666041125,-0.0950773600488901
12.4,1.06966320106384,-0.0897895430236734,0.0895012859255075,-0.0237377173246533,-0.0902529725672577,-0.403657585080713,-0.0696632010638398,0.0897895430236734,-0.0895012859255075
12.44,1.06848701305146,-0.088622318465631,0.0833392906934023,-0.0213410559177904,-0.0876804044980641,-0.394896378949285,-0.0684870130514628,0.088622318465631,-0.0833392906934023
12.48,1.06814376181757,-0.0872771038622062,0.0783366728574038,-0.0275877552889876,-0.0859846379532574,-0.404155522573739,-0.0681437618175724,0.0872771038622062,-0.0783366728574038
12.52,1.06742192556639,-0.0861389469438544,0.0743990708142519,-0.0245959206824919,-0.0872568620316881,-0.412993552826345,-0.0674219255663941,0.0861389469438544,-0.0743990708142519
12.56,1.06635631841599,-0.0851582945616473,0.0728291515260935,-0.0217262399292382,-0.088218162993778,-0.436034218873829,-0.0663563184159861,0.0851582945616473,-0.0728291515260935
12.6,1.06585081568864,-0.0837210970083459,0.0716955605894327,-0.0258575346480941,-0.0843895117783743,-0.439976365223527,-0.0658508156886397,0.0837210970083459,-0.0716955605894327
12.64,1.06535260486473,-0.0826916203624138,0.0710234586149454,-0.0258446412256487,-0.0872030701192879,-0.444398594979197,-0.0653526048647257,0.0826916203624138,-0.0710234586149454
12.68,1.06490228998362,-0.0810633024314796,0.0701813790947199,-0.0261544400539929,-0.0822258165501226,-0.442419826678932,-0.0649022899836194,0.0810633024314796,-0.0701813790947199
12.72,1.06438489020839,-0.0796943305141584,0.0694757346063852,-0.025574148017945,-0.0837854494901547,-0.443571717511863,-0.0643848902083899,0.0796943305141584,-0.0694757346063852
12.76,1.06417412523911,-0.0785467647997645,0.0681815315037966,-0.027918372855243,-0.0851463583873805,-0.437177981287241,-0.0641741252391064,0.0785467647997645,-0.0681815315037966
12.8,1.06324795003259,-0.0769589336489247,0.0657964292913675,-0.0223106742438875,-0.0813663286832998,-0.42521280214563,-0.0632479500325924,0.0769589336489247,-0.0657964292913675
12.84,1.06237162054276,-0.0757227651972373,0.0633517149835825,-0.0224604812231206,-0.0836632494135663,-0.42352591689676,-0.0623716205427587,0.0757227651972373,-0.0633517149835825
12.88,1.06170274498479,-0.0745047619642279,0.0605162400752306,-0.0238735787299927,-0.0834637327908409,-0.418327276866883,-0.0617027449847882,0.0745047619642279,-0.0605162400752306
12.92,1.06143617159962,-0.0720561402748891,0.0560317877680063,-0.0269076211619389,-0.0734036552165642,-0.399716309204697,-0.0614361715996234,0.0720561402748891,-0.0560317877680063
12.96,1.06115013188652,-0.0713405083364909,0.0551622826606035,-0.0267700801603354,-0.0862589378538088,-0.435543092224747,-0.0611501318865173,0.0713405083364909,-0.0551622826606035
13,1.06088298923126,-0.0704055832904157,0.0549422148615122,-0.0269272512958938,-0.0843829505444741,-0.442037755973637,-0.0608829892312628,0.0704055832904157,-0.0549422148615122
13.04,1.06066692836235,-0.0696519128387077,0.0552962068468332,-0.027345706324349,-0.0855817029881262,-0.448065234240144,-0.0606669283623493,0.0696519128387077,-0.0552962068468332
13.08,1.06049396156083,-0.069140889559126,0.0562686119228601,-0.0277210589659516,-0.0873364512929176,-0.45484616009891,-0.0604939615608338,0.069140889559126,-0.0562686119228601
13.12,1.06048338156817,-0.0683057266392504,0.057243974879384,-0.0290557159583789,-0.0847096206018819,-0.455475957605988,-0.0604833815681678,0.0683057266392504,-0.057243974879384
13.16,1.06048323174016,-0.0677750874533579,0.0579890627413988,-0.0292548490252503,-0.0869179043856759,-0.453660238541663,-0.0604832317401602,0.0677750874533579,-0.0579890627413988
13.2,1.06083841274963,-0.0671723892273485,0.0582673791795969,-0.0321828691735684,-0.086271932469303,-0.449247660648078,-0.0608384127496262,0.0671723892273485,-0.0582673791795969
13.24,1.06078329509019,-0.0664587380206671,0.0571726579219103,-0.0292052589185434,-0.0852886694100444,-0.435086457818747,-0.0607832950901921,0.0664587380206671,-0.0571726579219103
13.28,1.06083353426837,-0.0659108657297284,0.0553638059645891,-0.0301370974620791,-0.0864457798377807,-0.427155070159584,-0.0608335342683692,0.0659108657297284,-0.0553638059645891
13.32,1.06088553289752,-0.0653070926499205,0.053296709433198,-0.0302927598645974,-0.0859168364207986,-0.423649803765118,-0.0608855328975224,0.0653070926499205,-0.053296709433198
13.36,1.06078144756117,-0.0648186778445825,0.0512138772755861,-0.0292022670545972,-0.0867172717424869,-0.422557624842972,-0.0607814475611748,0.0648186778445825,-0.0512138772755861
13.4,1.06048785712382,-0.0642522260341747,0.0492107588797808,-0.027785105517232,-0.0860350508359896,-0.422455631017685,-0.060487857123821,0.0642522260341747,-0.0492107588797808
13.44,1.06036997727185,-0.0635873078104122,0.0479610357433558,-0.0291767586810253,-0.0851590898983927,-0.429463143561035,-0.0603699772718453,0.0635873078104122,-0.0479610357433558
13.48,1.06017055357584,-0.0629207938821235,0.0474973563104868,-0.0286061503269083,-0.0850076911587511,-0.437187662951648,-0.0601705535758355,0.0629207938821235,-0.0474973563104868
13.52,1.05989405316558,-0.0623183636753517,0.0480450931936502,-0.0280378159131428,-0.0853731885751842,-0.447670689266175,-0.0598940531655834,0.0623183636753517,-0.0480450931936502
13.56,1.05963475110349,-0.0618450616241357,0.0488534141331911,-0.0281828708057884,-0.0862769656487165,-0.450776780486107,-0.0596347511034852,0.0618450616241357,-0.0488534141331911
13.6,1.05912427710231,-0.0613338233069988,0.050666319206357,-0.0262141611644498,-0.0859116384507032,-0.461826781187206,-0.0591242771023102,0.0613338233069988,-0.050666319206357
13.64,1.05864641672399,-0.0606767234046049,0.0512384492903948,-0.0263858677387424,-0.0846775042469317,-0.449806428976357,-0.0586464167239906,0.0606767234046049,-0.0512384492903948
13.68,1.05838143440852,-0.0601678527026742,0.0515601132065058,-0.0279937531173397,-0.0857070284164433,-0.447565076153725,-0.0583814344085163,0.0601678527026742,-0.0515601132065058
13.72,1.05812847737101,-0.0596093621216349,0.0513014066964388,-0.0280995227559181,-0.0852318187961183,-0.441735138863325,-0.0581284773710105,0.0596093621216349,-0.0513014066964388
13.76,1.05801389978099,-0.0593446850289613,0.0510838497430086,-0.0292077945308224,-0.0874487678460348,-0.442140458766371,-0.0580138997809938,0.0593446850289613,-0.0510838497430086
13.8,1.05765601041547,-0.0588885847002973,0.0495480541139841,-0.0273558282678535,-0.0859493428146999,-0.428292341895402,-0.0576560104154678,0.0588885847002973,-0.0495480541139841
13.84,1.05726737756102,-0.0585987926584382,0.0479773227125406,-0.0270851109800273,-0.0871985153183923,-0.427256714578718,-0.0572673775610244,0.0585987926584382,-0.0479773227125406
13.88,1.05690703630257,-0.0583002634265771,0.0467978287488222,-0.0272676962016504,-0.0871307722859509,-0.430675296619535,-0.0569070363025657,0.0583002634265771,-0.0467978287488222
13.92,1.05671787472264,-0.0580442179029628,0.0462524760514498,-0.0285896932312782,-0.0874635824152088,-0.436837628591806,-0.0567178747226393,0.0580442179029628,-0.0462524760514498
13.96,1.05639266343342,-0.0578359424560914,0.0461744982749224,-0.0275526716453625,-0.0878546362478379,-0.441564893864095,-0.0563926634334231,0.0578359424560914,-0.0461744982749224
14,1.05638889211999,-0.0576380518699865,0.0467756111174822,-0.0300747482651982,-0.0879690383540566,-0.448748705472797,-0.056388892119986,0.0576380518699865,-0.0467756111174822
14.04,1.05629472470309,-0.0574747002982398,0.0476331505924463,-0.0294718883067121,-0.0882780164367844,-0.451835292756558,-0.0562947247030867,0.0574747002982398,-0.0476331505924463
14.08,1.05627887547031,-0.0574996547918793,0.0494247246533632,-0.0301655244439255,-0.0898152431252339,-0.462166691947728,-0.0562788754703099,0.0574996547918793,-0.0494247246533632
14.12,1.05629318526777,-0.0574933710137537,0.0503232050687075,-0.0305099988406186,-0.0896934418853286,-0.453783845148981,-0.0562931852677688,0.0574933710137537,-0.0503232050687075
14.16,1.05620826964884,-0.0575859148019474,0.0505687464028597,-0.0298444283406404,-0.0905866528900286,-0.447477871414274,-0.0562082696488357,0.0575859148019474,-0.0505687464028597
14.2,1.05634929299682,-0.0577025845652703,0.0501356143504381,-0.0317077964710112,-0.0909294374384305,-0.440575709015131,-0.0563492929968199,0.0577025845652703,-0.0501356143504381
14.24,1.05628578032115,-0.0577718663276037,0.0494521055370569,-0.0302610698093563,-0.0907171453050724,-0.437830458227545,-0.0562857803211532,0.0577718663276037,-0.0494521055370569
14.28,1.05658888171422,-0.0578321169823394,0.0483908299356699,-0.0332444874427373,-0.0907890559926404,-0.433621056757867,-0.0565888817142213,0.0578321169823394,-0.0483908299356699
14.32,1.05673461920368,-0.0580698116063935,0.0472264904528856,-0.0322357309249152,-0.0923306278461142,-0.432105029862374,-0.0567346192036846,0.0580698116063935,-0.0472264904528856
14.36,1.05691646559717,-0.0582636290323479,0.0461005736142397,-0.0326927555008743,-0.0921952154539607,-0.43202075086534,-0.056916465597169,0.0582636290323479,-0.0461005736142397
14.4,1.05722049125909,-0.0584149886484135,0.0452803913503885,-0.0338445432101071,-0.0920538529842864,-0.434760206628591,-0.0572204912590895,0.0584149886484135,-0.0452803913503885
14.44,1.05744910044824,-0.0585964862045152,0.0454653967171907,-0.0334848043225291,-0.0924693165342943,-0.444995146401227,-0.0574491004482423,0.0585964862045152,-0.0454653967171907
14.48,1.05764830952628,-0.0587123211226479,0.0459751952439547,-0.0334588853212767,-0.0921403736891886,-0.44858890805766,-0.0576483095262799,0.0587123211226479,-0.0459751952439547
14.52,1.05782673487705,-0.0588060600647636,0.0468822736293077,-0.0334896741261123,-0.0921295740881523,-0.453107196226716,-0.0578267348770476,0.0588060600647636,-0.0468822736293077
14.56,1.05785192668087,-0.0589229468914628,0.0478177312761545,-0.0324661527153433,-0.0924675500733389,-0.453952482212335,-0.0578519266808748,0.0589229468914628,-0.0478177312761545
14.6,1.05792678535321,-0.0589887476296956,0.0484209749847651,-0.0329843015514715,-0.0922285705989164,-0.45102760014683,-0.0579267853532128,0.0589887476296956,-0.0484209749847651
14.64,1.05798191212209,-0.0590472045830184,0.0487668234854937,-0.0329742165537436,-0.09231485248868,-0.448723414268345,-0.0579819121220864,0.0590472045830184,-0.0487668234854937
14.68,1.0579100560578,-0.0591626224167558,0.0485935378819704,-0.0321090667036028,-0.0929063206344505,-0.443542964071035,-0.0579100560578036,0.0591626224167558,-0.0485935378819704
14.72,1.05772801124574,-0.0591811661681111,0.0470240954309702,-0.0313256532825246,-0.0923055077619601,-0.42889386144653,-0.0577280112457386,0.0591811661681111,-0.0470240954309702
14.76,1.05761272636633,-0.0591188489002275,0.0461574885994196,-0.0318956948481676,-0.0917924855428511,-0.435582962416112,-0.0576127263663289,0.0591188489002275,-0.0461574885994196
14.8,1.05739530018687,-0.0591325672371915,0.0455038268119097,-0.0311578900787436,-0.0924864776117945,-0.437477896939963,-0.0573953001868694,0.0591325672371915,-0.0455038268119097
14.84,1.05716752483084,-0.0591194883643019,0.0452216286212206,-0.0311039517124346,-0.0923985321232105,-0.441142441466451,-0.0571675248308405,0.0591194883643019,-0.0452216286212206
14.88,1.05698547023294,-0.0591929103543215,0.0453323889523745,-0.0314883706088707,-0.0931948963677666,-0.4452178501077,-0.0569854702329364,0.0591929103543215,-0.0453323889523745
14.92,1.0565297879164,-0.0591786877037986,0.0458049420267344,-0.0293678607329406,-0.0926502583241973,-0.449162718854845,-0.0565297879163951,0.0591786877037986,-0.0458049420267344
14.96,1.05589860220641,-0.0589374738412816,0.0457969252020121,-0.0279121705739293,-0.0909696960646415,-0.444444621335715,-0.0558986022064072,0.0589374738412816,-0.0457969252020121
15,1.05531504518284,-0.0588991230219751,0.0463324282318354,-0.0281477601170645,-0.0925937035086815,-0.450239165246487,-0.0553150451828393,0.0588991230219751,-0.0463324282318354
15.04,1.05494581184646,-0.0587612789365616,0.0464391279965639,-0.0297181245268171,-0.0919101646247564,-0.446097147334367,-0.054945811846463,0.0587612789365616,-0.0464391279965639
15.08,1.05424144019198,-0.058745290424044,0.0472020823508501,-0.0270327301029392,-0.092935208574342,-0.45313404866308,-0.0542414401919828,0.058745290424044,-0.0472020823508501
15.12,1.05356814070049,-0.0586541257855667,0.0470464993268251,-0.0271049344090989,-0.0924524123551015,-0.443965287532657,-0.053568140700486,0.0586541257855667,-0.0470464993268251
15.16,1.05319584199149,-0.0585999108852026,0.0467345435172319,-0.0293206570756471,-0.0928251576823761,-0.442339674770832,-0.0531958419914886,0.0585999108852026,-0.0467345435172319
15.2,1.05264466001551,-0.0584524520781646,0.0462439302355051,-0.0278649514668488,-0.0921840446812774,-0.440401262495667,-0.0526446600155062,0.0584524520781646,-0.0462439302355051
15.24,1.05192138050442,-0.0584839655400801,0.0460159946233034,-0.0263901974692034,-0.0936558469873511,-0.443006559245288,-0.0519213805044245,0.0584839655400801,-0.0460159946233034
15.28,1.0508728026428,-0.0583539724248785,0.0459285099059343,-0.0236348714564577,-0.0925095183439717,-0.444459357824177,-0.0508728026427958,0.0583539724248785,-0.0459285099059343
15.32,1.04895407227115,-0.0585246274616574,0.0459466520696878,-0.0164429810879647,-0.0949493494433875,-0.445616554737091,-0.048954072271151,0.0585246274616574,-0.0459466520696878
15.36,1.04807391343051,-0.0585255073581455,0.0457827169448137,-0.0239781121787978,-0.0937934371047244,-0.443805707592517,-0.0480739134305124,0.0585255073581455,-0.0457827169448137
15.4,1.04731994509644,-0.0584980891624465,0.0454608220607042,-0.0247191014712655,-0.0936872851497582,-0.442156727991998,-0.0473199450964386,0.0584980891624465,-0.0454608220607042
15.44,1.0466040850429,-0.0585240644364418,0.0455877501517534,-0.0248132094440392,-0.0942151224603891,-0.446799343433231,-0.0466040850428977,0.0585240644364418,-0.0455877501517534
15.48,1.04627389775392,-0.0585770105360741,0.0455712173134089,-0.0276668884327741,-0.0945556302213916,-0.445447643220425,-0.0462738977539221,0.0585770105360741,-0.0455712173134089
15.52,1.0457474570899,-0.058749265576549,0.0456776935607195,-0.0260769596498307,-0.0956365033149734,-0.446822114635259,-0.0457474570899008,0.058749265576549,-0.0456776935607195
15.56,1.04471465017391,-0.0588648927144893,0.0455526132136583,-0.0219575849078743,-0.0953755434322932,-0.444535363905132,-0.044714650173914,0.0588648927144893,-0.0455526132136583
15.6,1.04411276435347,-0.0588215294504879,0.0457710865885019,-0.0250381680966459,-0.094283499897558,-0.448171243038028,-0.0441127643534738,0.0588215294504879,-0.0457710865885019
15.64,1.04255043959045,-0.0592999337964003,0.0462211910635233,-0.0172981716507727,-0.0985057617691786,-0.450804148450494,-0.0425504395904508,0.0592999337964003,-0.0462211910635233
15.68,1.04198567535448,-0.0594469584800635,0.0459025967866182,-0.0246390707884606,-0.0961978240433674,-0.443050306174904,-0.0419856753544805,0.0594469584800635,-0.0459025967866182
15.72,1.04181364429612,-0.0594622489846832,0.0415780860930681,-0.0275997285479208,-0.0953348278193492,-0.400920691855252,-0.0418136442961228,0.0594622489846832,-0.0415780860930681
15.76,1.04106918388199,-0.0594277796553206,0.0239276010543108,-0.023092351502525,-0.0950667658307056,-0.258918862055987,-0.0410691838819872,0.0594277796553206,-0.0239276010543108
15.8,1.04041028969245,-0.0620708800017096,0.000640241429209709,-0.0235526788789852,-0.11632463409671,-0.190954291582108,-0.040410289692453,0.0620708800017096,-0.000640241429209709
15.84,1.02901458328437,-0.0567335007918504,0.00308380834758282,0.0614508747439855,-0.0544602275009076,-0.449486620958894,-0.0290145832843691,0.0567335007918504,-0.00308380834758282
15.88,1.02571395895276,-0.0582597813657678,0.00431900657713413,0.00199997973653181,-0.106661655110383,-0.438026700802147,-0.025713958952756,0.0582597813657678,-0.00431900657713413
15.92,1.02764847005419,-0.0576060636933333,0.00125757791101933,-0.0380887683698233,-0.0901667007565014,-0.393538355525583,-0.0276484700541928,0.0576060636933333,-0.00125757791101933
15.96,1.03058978638901,-0.0547848226276325,0.00102794729173183,-0.0468716310941912,-0.0728969910081099,-0.421744035840034,-0.0305897863890074,0.0547848226276325,-0.00102794729173183
16,1.03059325940007,-0.0554589691964074,0.00104749202728271,-0.0249003749432795,-0.0994916265394436,-0.424247617650777,-0.0305932594000733,0.0554589691964074,-0.00104749202728271
16.04,1.02871331119384,-0.0565915778943172,0.00109061785042286,-0.0100839230498378,-0.103494053925511,-0.424507086422294,-0.0287133111938394,0.0565915778943172,-0.00109061785042286
16.08,1.02542125195201,-0.0573454172472782,0.000554602593183517,0.00176630679146971,-0.101068002735369,-0.418449849225581,-0.0254212519520103,0.0573454172472782,-0.000554602593183517
16.12,1.02487259847059,-0.0574588876728529,0.00120359845459461,-0.0186406175228969,-0.0964253147846965,-0.430625567547977,-0.0248725984705855,0.0574588876728529,-0.00120359845459461
16.16,1.02671930742948,-0.0577209940863472,0.00143135525286198,-0.0373942646058076,-0.0977598450348361,-0.426529462512583,-0.0267193074294823,0.0577209940863472,-0.00143135525286198
16.2,1.02735927892089,-0.0575844015067137,0.00174954161047935,-0.0286531608110613,-0.0948304075426971,-0.427595713995397,-0.0273592789208899,0.0575844015067137,-0.00174954161047935
16.24,1.02572871755361,-0.0575605875052927,0.0011140052229166,-0.0110266583818743,-0.0957818900817364,-0.417744217433035,-0.0257287175536149,0.0575605875052927,-0.0011140052229166
16.28,1.026160098253,-0.0575542828043784,0.00154194235801697,-0.0267152335966899,-0.0960258091301813,-0.428595149237663,-0.0261600982530006,0.0575542828043784,-0.00154194235801697
16.32,1.02558424178084,-0.0575604887179076,0.00132555514574051,-0.0189829324177566,-0.0962372296695275,-0.422046796042472,-0.0255842417808427,0.0575604887179076,-0.00132555514574051
16.36,1.02517652627243,-0.057485225025429,0.00144823454320431,-0.0201320719260113,-0.0957112231249133,-0.425501452948898,-0.0251765262724262,0.057485225025429,-0.00144823454320431
16.4,1.02579840619323,-0.057622294836986,0.00145770236849785,-0.0281531426660511,-0.0974735227798544,-0.424376967608929,-0.0257984061932326,0.057622294836986,-0.00145770236849785
16.44,1.02543281121554,-0.057504351378745,0.00129619054496288,-0.0206524397486458,-0.0956289904627471,-0.422589330613613,-0.0254328112155435,0.057504351378745,-0.00129619054496288
16.48,1.02537302092285,-0.0575405614329051,0.00132154114544392,-0.02297292439148,-0.096914634530177,-0.424473222535104,-0.0253730209228518,0.0575405614329051,-0.00132154114544392
16.52,1.0256576963341,-0.0575657399065505,0.00139280408620834,-0.0257210333773765,-0.0969570501886406,-0.424970620490611,-0.0256576963341002,0.0575657399065505,-0.00139280408620834
16.56,1.02532280367742,-0.0575530158599456,0.00140924751758575,-0.0209916311978922,-0.0967828231479343,-0.424433432720602,-0.025322803677418,0.0575530158599456,-0.00140924751758575
16.6,1.02549628677241,-0.0576025678272856,0.00141807086765766,-0.0249244881807844,-0.0973848200711769,-0.424364462077618,-0.025496286772408,0.0576025678272856,-0.00141807086765766
16.64,1.02540810803614,-0.057580711017333,0.00129571743309498,-0.0229777455253828,-0.0969557166531553,-0.422994353655726,-0.0254081080361395,0.057580711017333,-0.00129571743309498
16.68,1.02538987102484,-0.0575198627424112,0.00131511501967907,-0.0235458298741991,-0.0967541027779533,-0.424424154095352,-0.0253898710248395,0.0575198627424112,-0.00131511501967907
16.72,1.02555294521532,-0.0576452175599754,0.00137327425181866,-0.0250216733057566,-0.0983158076241086,-0.424843480397016,-0.0255529452153151,0.0576452175599754,-0.00137327425181866
16.76,1.02546273875708,-0.0575804918450633,0.00134135782718658,-0.0231370917475852,-0.0969796037796911,-0.423929512165487,-0.0254627387570829,0.0575804918450633,-0.00134135782718658
16.8,1.02556529241813,-0.0575793603834344,0.00147626735270023,-0.0246747395841179,-0.0975712690783541,-0.425667909145355,-0.0255652924181307,0.0575793603834344,-0.00147626735270023
16.84,1.02558009792574,-0.0575000458860875,0.0013805516064167,-0.0240736812212251,-0.0970683292322964,-0.423316751088947,-0.0255800979257419,0.0575000458860875,-0.0013805516064167
16.88,1.02561322041983,-0.0575326368158833,0.00139292329549789,-0.0242754678133027,-0.0980356563995582,-0.424406572390348,-0.0256132204198318,0.0575326368158833,-0.00139292329549789
16.92,1.02561481485928,-0.0575888841632972,0.00151803717017174,-0.024090871620074,-0.0983506437442908,-0.425599337030202,-0.0256148148592756,0.0575888841632972,-0.00151803717017174
16.96,1.02557914261217,-0.0575888420668146,0.00146462582051754,-0.0238483322018512,-0.0980436338448003,-0.423790415186435,-0.0255791426121728,0.0575888420668146,-0.00146462582051754
17,1.02556676368909,-0.0575711906957849,0.00153852067887783,-0.0240692388479579,-0.0980196814214193,-0.425103353947401,-0.0255667636890855,0.0575711906957849,-0.00153852067887783
17.04,1.02552722935588,-0.0576557632153323,0.00128432363271713,-0.0239008930661997,-0.0989353319899574,-0.421698413420469,-0.0255272293558841,0.0576557632153323,-0.00128432363271713
17.08,1.02550834680769,-0.0576426599613392,0.00134039670228958,-0.0240992828931949,-0.0983128339132379,-0.424831719759852,-0.0255083468076909,0.0576426599613392,-0.00134039670228958
17.12,1.02546591177562,-0.0575670066848391,0.00135757587850094,-0.0239566819449259,-0.097928732753758,-0.424454051207751,-0.0254659117756233,0.0575670066848391,-0.00135757587850094
17.16,1.02545117038284,-0.0575713984793552,0.00139214284718037,-0.0242094195060253,-0.0986459615175552,-0.424647927768528,-0.0254511703828437,0.0575713984793552,-0.00139214284718037
17.2,1.02550438112478,-0.057553101064977,0.00128542631864548,-0.0247912471539496,-0.0985836162820556,-0.423184518817812,-0.0255043811247819,0.057553101064977,-0.00128542631864548
17.24,1.02544719457674,-0.0575734621393769,0.00127654708921909,-0.0239914016221318,-0.0989968055797807,-0.424161023046821,-0.0254471945767401,0.0575734621393769,-0.00127654708921909
17.28,1.02555526179201,-0.0575668667282764,0.00142593123018742,-0.0253249261222325,-0.0989071406983667,-0.425820901915431,-0.0255552617920101,0.0575668667282764,-0.00142593123018742
17.32,1.02560584280618,-0.0576985121575236,0.00158062763512135,-0.0249651225432273,-0.10011173890613,-0.425954224620014,-0.0256058428061792,0.0576985121575236,-0.00158062763512135
17.36,1.02564643773696,-0.0576840465435773,0.00147523917257786,-0.0249576765757336,-0.0991255168609153,-0.423303842969239,-0.0256464377369592,0.0576840465435773,-0.00147523917257786
17.4,1.02564966879625,-0.0575832317493392,0.00123490579426289,-0.0247300328387195,-0.0985529401841185,-0.421837177600712,-0.0256496687962455,0.0575832317493392,-0.00123490579426289
17.44,1.02558127021835,-0.0575362673289469,0.00137228891253471,-0.0242167504662791,-0.099053198683304,-0.425685503937304,-0.0255812702183487,0.0575362673289469,-0.00137228891253471
17.48,1.02565592203527,-0.0575538790497426,0.00146974436938763,-0.0253706516945867,-0.0996596369651899,-0.425337699629366,-0.0256559220352657,0.0575538790497426,-0.00146974436938763
17.52,1.02561614001524,-0.0574881436075076,0.00133846700191498,-0.0245477969536026,-0.0991233468236653,-0.422987672191113,-0.0256161400152433,0.0574881436075076,-0.00133846700191498
17.56,1.02558678107288,-0.0574878555961643,0.001341937109828,-0.0246654587391598,-0.0997290636380306,-0.42433955893293,-0.0255867810728836,0.0574878555961643,-0.001341937109828
17.6,1.02548566088886,-0.0575533530539233,0.00135881267488003,-0.0241379749151856,-0.100363629350594,-0.424484735161066,-0.0254856608888561,0.0575533530539233,-0.00135881267488003
17.64,1.02553668800843,-0.0576229452676432,0.00141091272234917,-0.0253504618617794,-0.100537283611897,-0.424865747634321,-0.0255366880084269,0.0576229452676432,-0.00141091272234917
17.68,1.02556934246268,-0.0575792026267314,0.00156238488852978,-0.025276802029635,-0.0997850210363287,-0.425938026729971,-0.0255693424626826,0.0575792026267314,-0.00156238488852978
17.72,1.02557542967768,-0.0576037798540429,0.00150699354708195,-0.0251311213061361,-0.100422409344182,-0.42384482075274,-0.0255754296776818,0.0576037798540429,-0.00150699354708195
17.76,1.02556784790787,-0.0575959627990237,0.00145209953188896,-0.0250767220715111,-0.100291532964403,-0.423825360994786,-0.0255678479078734,0.0575959627990237,-0.00145209953188896
17.8,1.02556247439413,-0.0575131395229191,0.00133702531456947,-0.0251422702823197,-0.0998110489214179,-0.423168926063925,-0.0255624743941303,0.0575131395229191,-0.00133702531456947
17.84,1.02550251267804,-0.0575173839373654,0.00132069550454617,-0.0247599990270901,-0.100580780645374,-0.424150879282504,-0.0255025126780428,0.0575173839373654,-0.00132069550454617
17.88,1.02551823671778,-0.0574800271524458,0.00135232880711555,-0.0253849368369993,-0.100368863704037,-0.424648968450725,-0.0255182367177766,0.0574800271524458,-0.00135232880711555
17.92,1.02548400604633,-0.0575047432394929,0.0012646671384573,-0.0250476207080357,-0.10095925673291,-0.423414892561734,-0.0254840060463342,0.0575047432394929,-0.0012646671384573
17.96,1.02541674264182,-0.0574930473103008,0.00132834538817406,-0.0248239378602809,-0.100796497725919,-0.424962660204619,-0.0254167426418195,0.0574930473103008,-0.00132834538817406
18,1.02545958767255,-0.0575639126289892,0.0013614185154438,-0.0257177226222192,-0.101559039307118,-0.42467580223456,-0.025459587672553,0.0575639126289892,-0.0013614185154438
18.04,1.02549623143093,-0.0575643940820772,0.00140784680843353,-0.0257367897582202,-0.101146480721609,-0.424835290875286,-0.0254962314309273,0.0575643940820772,-0.00140784680843353
18.08,1.02553800067887,-0.057534135167207,0.00134662911295891,-0.0258429310920076,-0.101018953184138,-0.423731037836522,-0.0255380006788681,0.057534135167207,-0.00134662911295891
18.12,1.02551101601702,-0.0575733621704035,0.00139081664383411,-0.0253675589051805,-0.101670856641251,-0.424809877123684,-0.0255110160170164,0.0575733621704035,-0.00139081664383411
18.16,1.02556269103539,-0.0575064503016919,0.00133740715682507,-0.0260291985462559,-0.100963197078797,-0.423809983834624,-0.0255626910353903,0.0575064503016919,-0.00133740715682507
18.2,1.02556189432191,-0.0575074357326724,0.00144305266439915,-0.0256864672540492,-0.101587833899483,-0.425456031348556,-0.0255618943219127,0.0575074357326724,-0.00144305266439915
18.24,1.02557626283525,-0.0575087848476273,0.00150641798973083,-0.0258570776491457,-0.101706116046738,-0.425067798294127,-0.0255762628352507,0.0575087848476273,-0.00150641798973083
18.28,1.02567190928397,-0.0574926520743102,0.00151822529733181,-0.0265560732696432,-0.101683566345067,-0.4245611346066,-0.0256719092839675,0.0574926520743102,-0.00151822529733181
18.32,1.0255857164262,-0.0575217781781301,0.00147605501115322,-0.0252091451464421,-0.102149643669271,-0.42400330997631,-0.0255857164261961,0.0575217781781301,-0.00147605501115322
18.36,1.02557439742555,-0.0574792711856071,0.00139176473021507,-0.0258173429075104,-0.101710436206046,-0.423542916998267,-0.0255743974255545,0.0574792711856071,-0.00139176473021507
18.4,1.02561988568207,-0.0574464814146916,0.00135167501866817,-0.026312741433664,-0.101885158002108,-0.423967661365867,-0.0256198856820722,0.0574464814146916,-0.00135167501866817
18.44,1.02554579504041,-0.0574708413260325,0.00142965652048588,-0.0254375032119761,-0.102438417546396,-0.425190067600459,-0.0255457950404052,0.0574708413260325,-0.00142965652048588
18.48,1.02556500862457,-0.0574863176793677,0.001510139554739,-0.0261960619294909,-0.10249292308534,-0.425258183754981,-0.0255650086245738,0.0574863176793677,-0.001510139554739
18.52,1.02557217870852,-0.0575141931182625,0.00147284381091595,-0.0261597337286291,-0.102712039037953,-0.424064768381417,-0.0255721787085172,0.0575141931182625,-0.00147284381091595
18.56,1.02557348732985,-0.0575294125053932,0.00129426270723343,-0.0261674405649962,-0.102738234790811,-0.422565569918603,-0.0255734873298497,0.0575294125053932,-0.00129426270723343
18.6,1.02552535685961,-0.0575556244127541,0.00137244164943695,-0.025828542164802,-0.102946222280494,-0.425174848373979,-0.0255253568596141,0.0575556244127541,-0.00137244164943695
18.64,1.02553956306068,-0.0575436182847697,0.00138483382761478,-0.0263528003937475,-0.102769895813035,-0.42452592170611,-0.0255395630606849,0.0575436182847697,-0.00138483382761478
18.68,1.02551348242045,-0.0575202970369971,0.00141212157905102,-0.0260912959540003,-0.102790791152084,-0.424691290982068,-0.0255134824204524,0.0575202970369971,-0.00141212157905102
18.72,1.02552050773925,-0.0574770754994073,0.00136394426226616,-0.0263934277391057,-0.102739290957493,-0.423915375884622,-0.0255205077392524,0.0574770754994073,-0.00136394426226616
18.76,1.02547591844276,-0.0574931282975456,0.00135957635939121,-0.0260395234212675,-0.103305223745708,-0.424354013960809,-0.0254759184427567,0.0574931282975456,-0.00135957635939121
18.8,1.02554306137847,-0.0574833549749852,0.00140377506613731,-0.026955324174008,-0.103222604768039,-0.424864498563111,-0.0255430613784702,0.0574833549749852,-0.00140377506613731
18.84,1.02564666551348,-0.0574755018128079,0.00142625533044338,-0.0273213109454871,-0.103348831415991,-0.424661361820996,-0.0256466655134795,0.0574755018128079,-0.00142625533044338
18.88,1.0256908245645,-0.0574790309227156,0.00158532708883286,-0.0269444297669922,-0.103550561104217,-0.426109665151685,-0.0256908245644982,0.0574790309227156,-0.00158532708883286
18.92,1.02575530740201,-0.0575571657878655,0.0015694722533226,-0.0271740329498626,-0.104256316276439,-0.424355642449111,-0.0257553074020149,0.0575571657878655,-0.0015694722533226
18.96,1.02575237262139,-0.0575706416682836,0.00152998231351376,-0.0267187375163489,-0.103891878574694,-0.424102685380727,-0.0257523726213893,0.0575706416682836,-0.00152998231351376
19,1.0256440951763,-0.0575595889140749,0.00151504576206207,-0.0259368613000816,-0.103818633996646,-0.4243438109532,-0.0256440951763004,0.0575595889140749,-0.00151504576206207
19.04,1.0256214149942,-0.0575194332555615,0.0013696476817131,-0.0266210568899746,-0.103699419128783,-0.422969526715577,-0.0256214149941958,0.0575194332555615,-0.0013696476817131
19.08,1.02557232718541,-0.0575180049248997,0.00144192390143871,-0.0264546073963733,-0.104104341621917,-0.425185147121549,-0.0255723271854142,0.0575180049248997,-0.00144192390143871
19.12,1.02553976789113,-0.057475370883457,0.0014905147254467,-0.0266166921917514,-0.103893281184332,-0.424975472424179,-0.0255397678911289,0.057475370883457,-0.0014905147254467
19.16,1.02555165515317,-0.0574620234861412,0.00135953724384308,-0.0270058758048165,-0.104222542798125,-0.423117281656712,-0.0255516551531723,0.0574620234861412,-0.00135953724384308
19.2,1.02550741477755,-0.0575544144948902,0.00137254782021046,-0.0266183256824118,-0.105167461294083,-0.424566386599094,-0.0255074147775538,0.0575544144948902,-0.00137254782021046
19.24,1.02550787775537,-0.0575081081812565,0.00128696486353874,-0.0270048008538418,-0.104223817679749,-0.423540404886007,-0.0255078777553686,0.0575081081812565,-0.00128696486353874
19.28,1.02555589315618,-0.057546322588765,0.00139099173247814,-0.027431665942134,-0.104988025067681,-0.425491090506315,-0.0255558931561777,0.057546322588765,-0.00139099173247814
19.32,1.02555757161991,-0.0575495976008332,0.00144687294960022,-0.0271359220858555,-0.104842382251884,-0.425040356580168,-0.025557571619909,0.0575495976008332,-0.00144687294960022
19.36,1.02553350216658,-0.057516654038407,0.00147539563477039,-0.0269843000698296,-0.104672664713407,-0.424783926349133,-0.0255335021665823,0.057516654038407,-0.00147539563477039
19.4,1.02545429852087,-0.0575598238623527,0.00136582367122173,-0.0265901791730247,-0.105375816348852,-0.42335114467144,-0.025454298520875,0.0575598238623527,-0.00136582367122173
19.44,1.02556463608249,-0.0574553142711193,0.00134936347603798,-0.0281067818496103,-0.104341536546239,-0.42427676390484,-0.0255646360824875,0.0574553142711193,-0.00134936347603798
19.48,1.0255528696266,-0.0574533866024681,0.00139961764216423,-0.0272374244081745,-0.105225040526688,-0.424971733327955,-0.0255528696266005,0.0574533866024681,-0.00139961764216423
19.52,1.02560933504946,-0.0574573907540228,0.00143979303538799,-0.0278228554071448,-0.105386037612059,-0.424893832530826,-0.0256093350494568,0.0574573907540228,-0.00143979303538799
19.56,1.02560301229623,-0.0574757705898284,0.00142912194132805,-0.0274006336553317,-0.10561612195977,-0.42438291169703,-0.0256030122962303,0.0574757705898284,-0.00142912194132805
19.6,1.02561445176567,-0.0575397468341038,0.00145395845174789,-0.0275896321377215,-0.106098637062185,-0.424753264240921,-0.0256144517656731,0.0575397468341038,-0.00145395845174789
19.64,1.0256230080838,-0.0575542067113199,0.00149507820606232,-0.0276226599335992,-0.105848127753794,-0.424939564473927,-0.0256230080837956,0.0575542067113199,-0.00149507820606232
19.68,1.02560978452968,-0.0575332478489009,0.00153390131890774,-0.027505267486329,-0.105689212074986,-0.424938999772072,-0.0256097845296792,0.0575332478489009,-0.00153390131890774
19.72,1.02556225572832,-0.0575718434879298,0.00146456621587276,-0.027280186180493,-0.106266375587154,-0.423825817864388,-0.0255622557283162,0.0575718434879298,-0.00146456621587276
19.76,1.02555661090697,-0.0575524982149384,0.00144589878618717,-0.0276431826134995,-0.105939224324782,-0.424326090015471,-0.0255566109069651,0.0575524982149384,-0.00144589878618717
19.8,1.02555813954396,-0.0575304875287138,0.00135433487594128,-0.0277487082276696,-0.106025534447473,-0.423554235052317,-0.0255581395439555,0.0575304875287138,-0.00135433487594128
19.84,1.02560537476592,-0.0574537274242826,0.00140245817601681,-0.0281615179828705,-0.105699270744208,-0.424977877475321,-0.0256053747659226,0.0574537274242826,-0.00140245817601681
